Owner	Project	Language ID	Bible ID	Book ID	
Aaron.Shryock	en_ult_2jn_book	en	ult	2jn	
Aaron.Shryock	en_ult_2ti_book	en	ult	2ti	
Aaron.Shryock	en_ust_1jn_book	en	ust	1jn	
Aaron.Shryock	en_ust_1ti_book	en	ust	1ti	
Aaron.Shryock	en_ust_2jn_book	en	ust	2jn	
Aaron.Shryock	en_ust_2ti_book	en	ust	2ti	
Aaron.Shryock	fr_ult_tit_book	fr	ult	tit	
Aaron.Shryock	fr_ust_tit_book	fr	ust	tit	
Aaron.Shryock	mse_ult_1jn_book	mse	ult	1jn	
abelper8	es-419_tpl_phm_book	es-419	tpl	phm	
abelper8	es-419_tpl_tit_book	es-419	tpl	tit	
abelper8	es-419_tps_tit_book	es-419	tps	tit	
abelper8	es-419_ulb_phm_book	es-419	ulb	phm	
abelper8	es-419_ulb_tit_book	es-419	ulb	tit	
abelper8	pid_reg_tit_book	pid	reg	tit	
abelper8	pt-br_tla_3jn_book	pt-br	tla	3jn	
abelper8	pt-br_tlp_3jn_book	pt-br	tlp	3jn	
abelper8	pt-br_ulb_tit_book	pt-br	ulb	tit	
ajayvardhan	tel-x-thalaboomi_reg_tit_book	tel-x-thalaboomi	reg	tit	
aleksey.ignashin	ru_rob_2jn_book	ru	rob	2jn	
aleksey.ignashin	ru_rsb_tit_book	ru	rsb	tit	
Amos.Khokhar	gu_gglt_1jn_book	gu	gglt	1jn	
Amos.Khokhar	gu_gglt_luk_book	gu	gglt	luk	
Amos.Khokhar	hi_hglt_1jn_book	hi	hglt	1jn	
Amos.Khokhar	hi_hglt_2jn_book	hi	hglt	2jn	
Amos.Khokhar	hi_hglt_2ti_book	hi	hglt	2ti	
Amos.Khokhar	hi_hglt_ezr_book	hi	hglt	ezr	
Amos.Khokhar	hi_hglt_luk_book	hi	hglt	luk	
Amos.Khokhar	hi_hglt_neh_book	hi	hglt	neh	
Amos.Khokhar	hi_hglt_oba_book	hi	hglt	oba	
Amos.Khokhar	hi_hgst_2jn_book	hi	hgst	2jn	
Amos.Khokhar	hi_hgst_2ti_book	hi	hgst	2ti	
Amos.Khokhar	hi_hgst_ezr_book	hi	hgst	ezr	
Amos.Khokhar	hi_hgst_neh_book	hi	hgst	neh	
Amos.Khokhar	hi_hgst_oba_book	hi	hgst	oba	
Amos.Khokhar	mr_mglt_1jn_book	mr	mglt	1jn	
Amos.Khokhar	mr_mglt_jas_book	mr	mglt	jas	
Anatolii	ru_reg_jhn_book	ru	reg	jhn	
Anatolii	ru_rob_2jn_book	ru	rob	2jn	
Anatolii	ru_rsb_2jn_book	ru	rsb	2jn	
Anatolii	ru_rsb_tit_book	ru	rsb	tit	
Anatolii	ru_ulb_mat_book	ru	ulb	mat	
ang.west1	en_ult_1ki_book	en	ult	1ki	
ang.west1	en_ult_2ki_book	en	ult	2ki	
ang.west1	en_ult_ecc_book	en	ult	ecc	
ang.west1	en_ult_est_book	en	ult	est	
ang.west1	en_ult_jdg_book	en	ult	jdg	
ang.west1	OLDen_ult_1ki_book	OLDen	ult	1ki	
AngelicaReyes	es-419_tpl_rut_book	es-419	tpl	rut	
AngelicaReyes	es-419_udb_tit_book	es-419	udb	tit	
Anna	ru_rlb_phm_book	ru	rlb	phm	
Anna	ru_rob_2jn_book	ru	rob	2jn	
Anna	ru_rob_jon_book	ru	rob	jon	
Anna	ru_rob_phm_book	ru	rob	phm	
Anna	ru_rob_tit_book	ru	rob	tit	
Anna	ru_rsb_2jn_book	ru	rsb	2jn	
Anna	ru_rsb_phm_book	ru	rsb	phm	
Anna	ru_rsb_tit_book	ru	rsb	tit	
Anna	ru_rsob_tit_book	ru	rsob	tit	
Anna	ru_ust_jon_book	ru	ust	jon	
Anna	ru_vers_tit_book	ru	vers	tit	
Ashish25	en_ust_2ti_book	en	ust	2ti	
Ashish25	hi_hglt_neh_book	hi	hglt	neh	
Ashish25	hi_hgst_1jn_book	hi	hgst	1jn	
Ashish25	hi_hgst_ezr_book	hi	hgst	ezr	
Ashish25	hi_hgst_luk_book	hi	hgst	luk	
Ashu_07	hi_hglt_jas_book	hi	hglt	jas	
Ashu_07	hi_hgst_jas_book	hi	hgst	jas	
avaldizan	en_ult_1ki_book	en	ult	1ki	
avaldizan	en_ult_1sa_book	en	ult	1sa	
avaldizan	en_ult_2pe_book	en	ult	2pe	
avaldizan	en_ult_ezr_book	en	ult	ezr	
avaldizan	en_ult_gen_book	en	ult	gen	
avaldizan	en_ult_jhn_book	en	ult	jhn	
avaldizan	en_ult_jos_book	en	ult	jos	
avaldizan	en_ult_jud_book	en	ult	jud	
avaldizan	en_ult_lev_book	en	ult	lev	
avaldizan	en_ult_num_book	en	ult	num	
avaldizan	en_ult_pro_book	en	ult	pro	
avaldizan	en_ust_2pe_book	en	ust	2pe	
avaldizan	en_ust_jhn_book	en	ust	jhn	
avaldizan	en_ust_jud_book	en	ust	jud	
avaldizantest	en_tesk_3jn_book	en	tesk	3jn	
avaldizantest	en_test_3jn_book	en	test	3jn	
avaldizantest	en_ult_1ti_book	en	ult	1ti	
avaldizantest	en_ult_ezr_book	en	ult	ezr	
avaldizantest	en_ult_gen_book	en	ult	gen	
avaldizantest	en_ult_lev_book	en	ult	lev	
avaldizantest	en_ult_num_book	en	ult	num	
avaldizantest	en_ulta_num_book	en	ulta	num	
avaldizantest	en_ultb_1ti_book	en	ultb	1ti	
avaldizantest	en_ultr_1ti_book	en	ultr	1ti	
avaldizantest	en_ults_neh_book	en	ults	neh	
Bambino	kn_gst_jas_book	kn	gst	jas	
BCS_India	bn_irv_1jn_book	bn	irv	1jn	
BCS_India	bn_irv_2pe_book	bn	irv	2pe	
BCS_India	bn_irv_2ti_book	bn	irv	2ti	
BCS_India	bn_irv_heb_book	bn	irv	heb	
BCS_India	bn_irv_jas_book	bn	irv	jas	
BCS_India	bn_irv_phm_book	bn	irv	phm	
BCS_India	bn_irv_rev_book	bn	irv	rev	
BCS_India	bn_irv_rom_book	bn	irv	rom	
BCS_India	bn_irv_tit_book	bn	irv	tit	
BCS_India	gu_ggst_jas_book	gu	ggst	jas	
BCS_India	gu_irv_1pe_book	gu	irv	1pe	
BCS_India	gu_irv_1ti_book	gu	irv	1ti	
BCS_India	gu_irv_2jn_book	gu	irv	2jn	
BCS_India	gu_irv_2ti_book	gu	irv	2ti	
BCS_India	gu_irv_jas_book	gu	irv	jas	
BCS_India	gu_irv_jud_book	gu	irv	jud	
BCS_India	gu_irv_phm_book	gu	irv	phm	
BCS_India	hi_hglt_1jn_book	hi	hglt	1jn	
BCS_India	hi_hglt_1ti_book	hi	hglt	1ti	
BCS_India	hi_hglt_3jn_book	hi	hglt	3jn	
BCS_India	hi_hglt_eph_book	hi	hglt	eph	
BCS_India	hi_hglt_est_book	hi	hglt	est	
BCS_India	hi_hglt_jas_book	hi	hglt	jas	
BCS_India	hi_hglt_luk_book	hi	hglt	luk	
BCS_India	hi_hglt_neh_book	hi	hglt	neh	
BCS_India	hi_hglt_tit_book	hi	hglt	tit	
BCS_India	hi_hgst_1ti_book	hi	hgst	1ti	
BCS_India	hi_hgst_eph_book	hi	hgst	eph	
BCS_India	hi_hgst_est_book	hi	hgst	est	
BCS_India	hi_hgst_jas_book	hi	hgst	jas	
BCS_India	hi_hgst_oba_book	hi	hgst	oba	
BCS_India	hi_hgst_rut_book	hi	hgst	rut	
BCS_India	hi_iev_1ch_book	hi	iev	1ch	
BCS_India	hi_iev_1co_book	hi	iev	1co	
BCS_India	hi_iev_1ki_book	hi	iev	1ki	
BCS_India	hi_iev_1sa_book	hi	iev	1sa	
BCS_India	hi_iev_2ch_book	hi	iev	2ch	
BCS_India	hi_iev_2co_book	hi	iev	2co	
BCS_India	hi_iev_2sa_book	hi	iev	2sa	
BCS_India	hi_iev_act_book	hi	iev	act	
BCS_India	hi_iev_amo_book	hi	iev	amo	
BCS_India	hi_iev_dan_book	hi	iev	dan	
BCS_India	hi_iev_deu_book	hi	iev	deu	
BCS_India	hi_iev_ecc_book	hi	iev	ecc	
BCS_India	hi_iev_est_book	hi	iev	est	
BCS_India	hi_iev_ezr_book	hi	iev	ezr	
BCS_India	hi_iev_hab_book	hi	iev	hab	
BCS_India	hi_iev_hag_book	hi	iev	hag	
BCS_India	hi_iev_heb_book	hi	iev	heb	
BCS_India	hi_iev_hos_book	hi	iev	hos	
BCS_India	hi_iev_jdg_book	hi	iev	jdg	
BCS_India	hi_iev_jol_book	hi	iev	jol	
BCS_India	hi_iev_jon_book	hi	iev	jon	
BCS_India	hi_iev_lam_book	hi	iev	lam	
BCS_India	hi_iev_lev_book	hi	iev	lev	
BCS_India	hi_iev_mal_book	hi	iev	mal	
BCS_India	hi_iev_mic_book	hi	iev	mic	
BCS_India	hi_iev_nam_book	hi	iev	nam	
BCS_India	hi_iev_neh_book	hi	iev	neh	
BCS_India	hi_iev_oba_book	hi	iev	oba	
BCS_India	hi_iev_psa_book	hi	iev	psa	
BCS_India	hi_iev_rev_book	hi	iev	rev	
BCS_India	hi_iev_rom_book	hi	iev	rom	
BCS_India	hi_iev_sng_book	hi	iev	sng	
BCS_India	hi_iev_zec_book	hi	iev	zec	
BCS_India	hi_iev_zep_book	hi	iev	zep	
BCS_India	hi_irv_1pe_book	hi	irv	1pe	
BCS_India	hi_irv_1sa_book	hi	irv	1sa	
BCS_India	hi_irv_2ki_book	hi	irv	2ki	
BCS_India	hi_irv_eph_book	hi	irv	eph	
BCS_India	hi_irv_rev_book	hi	irv	rev	
BCS_India	hi_irv_rom_book	hi	irv	rom	
BCS_India	hi_irv_tit_book	hi	irv	tit	
BCS_India	kn_glt_1jn_book	kn	glt	1jn	
BCS_India	kn_glt_luk_book	kn	glt	luk	
BCS_India	kn_glt_tit_book	kn	glt	tit	
BCS_India	kn_irv_1co_book	kn	irv	1co	
BCS_India	kn_irv_1jn_book	kn	irv	1jn	
BCS_India	kn_irv_1pe_book	kn	irv	1pe	
BCS_India	kn_irv_1th_book	kn	irv	1th	
BCS_India	kn_irv_2co_book	kn	irv	2co	
BCS_India	kn_irv_2jn_book	kn	irv	2jn	
BCS_India	kn_irv_2pe_book	kn	irv	2pe	
BCS_India	kn_irv_2th_book	kn	irv	2th	
BCS_India	kn_irv_2ti_book	kn	irv	2ti	
BCS_India	kn_irv_3jn_book	kn	irv	3jn	
BCS_India	kn_irv_act_book	kn	irv	act	
BCS_India	kn_irv_col_book	kn	irv	col	
BCS_India	kn_irv_gal_book	kn	irv	gal	
BCS_India	kn_irv_heb_book	kn	irv	heb	
BCS_India	kn_irv_jas_book	kn	irv	jas	
BCS_India	kn_irv_jhn_book	kn	irv	jhn	
BCS_India	kn_irv_jud_book	kn	irv	jud	
BCS_India	kn_irv_luk_book	kn	irv	luk	
BCS_India	kn_irv_mat_book	kn	irv	mat	
BCS_India	kn_irv_mrk_book	kn	irv	mrk	
BCS_India	kn_irv_phm_book	kn	irv	phm	
BCS_India	kn_irv_php_book	kn	irv	php	
BCS_India	kn_irv_rev_book	kn	irv	rev	
BCS_India	kn_irv_rom_book	kn	irv	rom	
BCS_India	kn_irv_tit_book	kn	irv	tit	
BCS_India	mr_irv_2pe_book	mr	irv	2pe	
BCS_India	mr_irv_2ti_book	mr	irv	2ti	
BCS_India	mr_irv_col_book	mr	irv	col	
BCS_India	or_gltn_jon_book	or	gltn	jon	
BCS_India	ory_oglt_jon_book	ory	oglt	jon	
BCS_India	ta_irv_1jn_book	ta	irv	1jn	
BCS_India	ta_irv_2co_book	ta	irv	2co	
BCS_India	ta_irv_2jn_book	ta	irv	2jn	
BCS_India	ta_irv_2pe_book	ta	irv	2pe	
BCS_India	ta_irv_2th_book	ta	irv	2th	
BCS_India	ta_irv_2ti_book	ta	irv	2ti	
BCS_India	ta_irv_3jn_book	ta	irv	3jn	
BCS_India	ta_irv_col_book	ta	irv	col	
BCS_India	ta_irv_eph_book	ta	irv	eph	
BCS_India	ta_irv_gal_book	ta	irv	gal	
BCS_India	ta_irv_jas_book	ta	irv	jas	
BCS_India	ta_irv_phm_book	ta	irv	phm	
BCS_India	ta_irv_php_book	ta	irv	php	
BCS_India	ta_irv_tit_book	ta	irv	tit	
BCS_India	te_irv_1co_book	te	irv	1co	
BCS_India	te_irv_1jn_book	te	irv	1jn	
BCS_India	te_irv_1pe_book	te	irv	1pe	
BCS_India	te_irv_1th_book	te	irv	1th	
BCS_India	te_irv_1ti_book	te	irv	1ti	
BCS_India	te_irv_2co_book	te	irv	2co	
BCS_India	te_irv_2pe_book	te	irv	2pe	
BCS_India	te_irv_2th_book	te	irv	2th	
BCS_India	te_irv_2ti_book	te	irv	2ti	
BCS_India	te_irv_act_book	te	irv	act	
BCS_India	te_irv_col_book	te	irv	col	
BCS_India	te_irv_eph_book	te	irv	eph	
BCS_India	te_irv_gal_book	te	irv	gal	
BCS_India	te_irv_heb_book	te	irv	heb	
BCS_India	te_irv_jas_book	te	irv	jas	
BCS_India	te_irv_jhn_book	te	irv	jhn	
BCS_India	te_irv_luk_book	te	irv	luk	
BCS_India	te_irv_mat_book	te	irv	mat	
BCS_India	te_irv_mrk_book	te	irv	mrk	
BCS_India	te_irv_php_book	te	irv	php	
BCS_India	te_irv_rev_book	te	irv	rev	
BCS_India	te_irv_rom_book	te	irv	rom	
BCS_India	ur_irv_1co_book	ur	irv	1co	
BCS_India	ur_irv_1th_book	ur	irv	1th	
BCS_India	ur_irv_1ti_book	ur	irv	1ti	
BCS_India	ur_irv_2co_book	ur	irv	2co	
BCS_India	ur_irv_2th_book	ur	irv	2th	
BCS_India	ur_irv_2ti_book	ur	irv	2ti	
BCS_India	ur_irv_act_book	ur	irv	act	
BCS_India	ur_irv_col_book	ur	irv	col	
BCS_India	ur_irv_eph_book	ur	irv	eph	
BCS_India	ur_irv_gal_book	ur	irv	gal	
BCS_India	ur_irv_jhn_book	ur	irv	jhn	
BCS_India	ur_irv_luk_book	ur	irv	luk	
BCS_India	ur_irv_mat_book	ur	irv	mat	
BCS_India	ur_irv_mrk_book	ur	irv	mrk	
BCS_India	ur_irv_php_book	ur	irv	php	
BCS_India	ur_irv_rev_book	ur	irv	rev	
BCS_India	ur_irv_rom_book	ur	irv	rom	
benjamindahl	en_test_jhn_book	en	test	jhn	
benjore	ar_ulb_eph_book	ar	ulb	eph	
benjore	as_xyz_phm_book	as	xyz	phm	
benjore	en_abc_tit_book	en	abc	tit	
benjore	en_abcd_tit_book	en	abcd	tit	
benjore	en_foo_mrk_book	en	foo	mrk	
benjore	en_qaa_1pe_book	en	qaa	1pe	
benjore	en_ult_1jn_book	en	ult	1jn	
benjore	en_ult_1pe_book	en	ult	1pe	
benjore	en_ult_act_book	en	ult	act	
benjore	en_ult_phm_book	en	ult	phm	
benjore	en_ult_rev_book	en	ult	rev	
benjore	en_ult_rut_book	en	ult	rut	
benjore	en_ust_tit_book	en	ust	tit	
benjore	en_usta_mrk_book	en	usta	mrk	
benjore	en_ustb_mrk_book	en	ustb	mrk	
benjore	en_web_mrk_book	en	web	mrk	
benjore	es-419_rvul_tit_book	es-419	rvul	tit	
benjore	hi_jmjp_jas_book	hi	jmjp	jas	
benjore	pt-br_ulb_1jn_book	pt-br	ulb	1jn	
benjore	pt-br_ulb_tit_book	pt-br	ulb	tit	
benjore	ru_rob_2jn_book	ru	rob	2jn	
benjore	ru_rob_tit_book	ru	rob	tit	
benjore	ru_rsb_2jn_book	ru	rsb	2jn	
benjore	ru_rsb_tit_book	ru	rsb	tit	
benjore	ru_rst_phm_book	ru	rst	phm	
Bhandari	te_reg_tit_book	te	reg	tit	
biljananikolic	rmy-x-vc_ulb_mat_book	rmy-x-vc	ulb	mat	
birch	ar_vdb_tit_book	ar	vdb	tit	
birch	en_kjv_1ti_book	en	kjv	1ti	
birch	en_kjv_eph_book	en	kjv	eph	
birch	en_kjva_luk_book	en	kjva	luk	
birch	en_web_mrk_book	en	web	mrk	
birch	es-419_ulb_jud_book	es-419	ulb	jud	
birch	es-419_ulb_tit_book	es-419	ulb	tit	
birch	es-419_ulbb_tit_book	es-419	ulbb	tit	
birch	es-419_uld_tit_book	es-419	uld	tit	
birch	my_jud_tit_book	my	jud	tit	
birch	ru_abc_2jn_book	ru	abc	2jn	
birch	ru_abc_tit_book	ru	abc	tit	
bspidel	aaa_xyz_act_book	aaa	xyz	act	
bspidel	ar_ulb_mat_book	ar	ulb	mat	
bspidel	ar_ulbb_mat_book	ar	ulbb	mat	
bspidel	bes_ireg_tit_book	bes	ireg	tit	
bspidel	el_test_tit_book	el	test	tit	
bspidel	en_ult_jon_book	en	ult	jon	
bspidel	en_ult_rut_book	en	ult	rut	
bspidel	en_ust_jon_book	en	ust	jon	
bspidel	en_ust_rut_book	en	ust	rut	
bspidel	es-419_ulb_eph_book	es-419	ulb	eph	
bspidel	fr_ulb_tit_book	fr	ulb	tit	
bspidel	hi_old_tit_book	hi	old	tit	
bspidel	hi_oldq_tit_book	hi	oldq	tit	
bspidel	ne_bob_luk_book	ne	bob	luk	
bspidel	ne_ulb_luk_book	ne	ulb	luk	
Chandrashekhar	kfi_ulb_tit_book	kfi	ulb	tit	
christopherrsmith	en_ult_1jn_book	en	ult	1jn	
christopherrsmith	en_ult_1ti_book	en	ult	1ti	
christopherrsmith	en_ult_2jn_book	en	ult	2jn	
christopherrsmith	en_ult_2ti_book	en	ult	2ti	
christopherrsmith	en_ult_act_book	en	ult	act	
christopherrsmith	en_ult_jas_book	en	ult	jas	
christopherrsmith	en_ult_luk_book	en	ult	luk	
christopherrsmith	en_ust_1jn_book	en	ust	1jn	
christopherrsmith	en_ust_1ti_book	en	ust	1ti	
christopherrsmith	en_ust_2jn_book	en	ust	2jn	
christopherrsmith	en_ust_2ti_book	en	ust	2ti	
christopherrsmith	en_ust_act_book	en	ust	act	
christopherrsmith	en_ust_est_book	en	ust	est	
christopherrsmith	en_ust_ezr_book	en	ust	ezr	
christopherrsmith	en_ust_jas_book	en	ust	jas	
christopherrsmith	en_ust_luk_book	en	ust	luk	
christopherrsmith	en_ust_neh_book	en	ust	neh	
christopherrsmith	en_ust_oba_book	en	ust	oba	
Connie	en_kjv_1ti_book	en	kjv	1ti	
Connie	es-419_ulb_tit_book	es-419	ulb	tit	
cor_2020	cua_clt_1co_book	cua	clt	1co	
cor_2020	cua_clt_1jn_book	cua	clt	1jn	
cor_2020	cua_clt_1pe_book	cua	clt	1pe	
cor_2020	cua_clt_1th_book	cua	clt	1th	
cor_2020	cua_clt_1ti_book	cua	clt	1ti	
cor_2020	cua_clt_2co_book	cua	clt	2co	
cor_2020	cua_clt_2jn_book	cua	clt	2jn	
cor_2020	cua_clt_2pe_book	cua	clt	2pe	
cor_2020	cua_clt_2th_book	cua	clt	2th	
cor_2020	cua_clt_2ti_book	cua	clt	2ti	
cor_2020	cua_clt_3jn_book	cua	clt	3jn	
cor_2020	cua_clt_act_book	cua	clt	act	
cor_2020	cua_clt_col_book	cua	clt	col	
cor_2020	cua_clt_eph_book	cua	clt	eph	
cor_2020	cua_clt_gal_book	cua	clt	gal	
cor_2020	cua_clt_heb_book	cua	clt	heb	
cor_2020	cua_clt_jas_book	cua	clt	jas	
cor_2020	cua_clt_jhn_book	cua	clt	jhn	
cor_2020	cua_clt_jud_book	cua	clt	jud	
cor_2020	cua_clt_luk_book	cua	clt	luk	
cor_2020	cua_clt_mat_book	cua	clt	mat	
cor_2020	cua_clt_mrk_book	cua	clt	mrk	
cor_2020	cua_clt_phm_book	cua	clt	phm	
cor_2020	cua_clt_php_book	cua	clt	php	
cor_2020	cua_clt_rev_book	cua	clt	rev	
cor_2020	cua_clt_rom_book	cua	clt	rom	
cor_2020	cua_clt_tit_book	cua	clt	tit	
dahutchison	en_jult_1ch_book	en	jult	1ch	
dahutchison	en_ult_1ch_book	en	ult	1ch	
dahutchison	en_ult_2ch_book	en	ult	2ch	
dahutchison	en_ust_1ch_book	en	ust	1ch	
dahutchison	en_ust_2ch_book	en	ust	2ch	
dandennison	en_ult_1ki_book	en	ult	1ki	
davisprickett	en_ust_1pe_book	en	ust	1pe	
davisprickett	en_ust_phm_book	en	ust	phm	
Deepak.Nayak	or_oglt_jas_book	or	oglt	jas	
Deepak.Nayak	ory_gst_1jn_book	ory	gst	1jn	
Deepak.Nayak	ory_oglt_1jn_book	ory	oglt	1jn	
Deepak.Nayak	ory_oglt_luk_book	ory	oglt	luk	
Deepak.Nayak	ory_ogst_1jn_book	ory	ogst	1jn	
Deepak.Nayak	ory_sfm_1jn_book	ory	sfm	1jn	
deferredreward	en_ult_exo_book	en	ult	exo	
deferredreward	en_ust_1jn_book	en	ust	1jn	
deferredreward	en_ust_est_book	en	ust	est	
deferredreward	en_ust_exo_book	en	ust	exo	
deferredreward	en_ust_jon_book	en	ust	jon	
deferredreward	en_ust_rut_book	en	ust	rut	
Demsin	en_ust_dan_book	en	ust	dan	
Demsin	en_ust_est_book	en	ust	est	
dimasava	ru_rlob_tit_book	ru	rlob	tit	
dimasava	ru_rob_1th_book	ru	rob	1th	
dimasava	ru_rob_jon_book	ru	rob	jon	
dimasava	ru_rob_luk_book	ru	rob	luk	
dimasava	ru_rob_rut_book	ru	rob	rut	
dimasava	ru_rob_tit_book	ru	rob	tit	
dimasava	ru_udb_1ti_book	ru	udb	1ti	
dimasava	ru_ulb_mrk_book	ru	ulb	mrk	
dougsmith1977	en_doug_gen_book	en	doug	gen	
ElsyLambert	aa_ulb_mat_book	aa	ulb	mat	
ElsyLambert	ar_copy_phm_book	ar	copy	phm	
ElsyLambert	ar_new_phm_book	ar	new	phm	
ElsyLambert	ar_ulb_mat_book	ar	ulb	mat	
ElsyLambert	ble_reg_jdg_book	ble	reg	jdg	
ElsyLambert	en-x-demo1_ulb_php_book	en-x-demo1	ulb	php	
ElsyLambert	en-x-demo1_ult_php_book	en-x-demo1	ult	php	
ElsyLambert	en_edt_2ti_book	en	edt	2ti	
ElsyLambert	en_edtt_2ti_book	en	edtt	2ti	
ElsyLambert	en_loc_luk_book	en	loc	luk	
ElsyLambert	en_new_jon_book	en	new	jon	
ElsyLambert	en_new_rev_book	en	new	rev	
ElsyLambert	en_new_tit_book	en	new	tit	
ElsyLambert	en_newl_rev_book	en	newl	rev	
ElsyLambert	en_tes_1ti_book	en	tes	1ti	
ElsyLambert	en_tes_3jn_book	en	tes	3jn	
ElsyLambert	en_tes_tit_book	en	tes	tit	
ElsyLambert	en_tesk_3jn_book	en	tesk	3jn	
ElsyLambert	en_test_1pe_book	en	test	1pe	
ElsyLambert	en_test_1ti_book	en	test	1ti	
ElsyLambert	en_test_3jn_book	en	test	3jn	
ElsyLambert	en_test_rut_book	en	test	rut	
ElsyLambert	en_test_tit_book	en	test	tit	
ElsyLambert	en_ulb_gen_book	en	ulb	gen	
ElsyLambert	en_ulb_tit_book	en	ulb	tit	
ElsyLambert	en_ult_2ti_book	en	ult	2ti	
ElsyLambert	en_ult_3jn_book	en	ult	3jn	
ElsyLambert	en_ult_jon_book	en	ult	jon	
ElsyLambert	en_ult_neh_book	en	ult	neh	
ElsyLambert	en_ult_rev_book	en	ult	rev	
ElsyLambert	en_ult_rut_book	en	ult	rut	
ElsyLambert	en_ulte_act_book	en	ulte	act	
ElsyLambert	en_ulte_neh_book	en	ulte	neh	
ElsyLambert	en_ultk_3jn_book	en	ultk	3jn	
ElsyLambert	en_ultk_rut_book	en	ultk	rut	
ElsyLambert	en_ultl_3jn_book	en	ultl	3jn	
ElsyLambert	en_ultn_jon_book	en	ultn	jon	
ElsyLambert	en_ultr_neh_book	en	ultr	neh	
ElsyLambert	en_ultt_3jn_book	en	ultt	3jn	
ElsyLambert	en_uold_tit_book	en	uold	tit	
ElsyLambert	en_ust_tit_book	en	ust	tit	
ElsyLambert	en_ytty_rev_book	en	ytty	rev	
ElsyLambert	hi_irv_act_book	hi	irv	act	
ElsyLambert	hi_irv_luk_book	hi	irv	luk	
ElsyLambert	hi_reg_tit_book	hi	reg	tit	
ethan.wagoner	xty_xty_gen_book	xty	xty	gen	
gamperukula	tel-x-gamperukula_reg_tit_book	tel-x-gamperukula	reg	tit	
GeoSun	id_ulb_jhn_book	id	ulb	jhn	
ghayden	en_edit_1ti_book	en	edit	1ti	
ghayden	en_ghdn_jhn_book	en	ghdn	jhn	
ghayden	en_luk_luk_book	en	luk	luk	
ghayden	en_luke_luk_book	en	luke	luk	
ghayden	en_test_1jn_book	en	test	1jn	
ghayden	en_test_luk_book	en	test	luk	
ghayden	en_ttgh_1ti_book	en	ttgh	1ti	
ghayden	en_usl_luk_book	en	usl	luk	
ghayden	en_ust_luk_book	en	ust	luk	
ghayden	kn_test_2jn_book	kn	test	2jn	
ghayden	ru_rlob_est_book	ru	rlob	est	
ghayden	ru_rob_est_book	ru	rob	est	
Grant_Ailie	en_ult_2sa_book	en	ult	2sa	
Grant_Ailie	en_ult_ecc_book	en	ult	ecc	
Grant_Ailie	en_ult_est_book	en	ult	est	
Grant_Ailie	en_ult_jer_book	en	ult	jer	
Grant_Ailie	en_ult_neh_book	en	ult	neh	
Grant_Ailie	en_ult_oba_book	en	ult	oba	
Grant_Ailie	en_ult_php_book	en	ult	php	
Grant_Ailie	en_ult_psa_book	en	ult	psa	
Grant_Ailie	en_ust_ezr_book	en	ust	ezr	
Grant_Ailie	en_ust_oba_book	en	ust	oba	
Grant_Ailie	en_ust_php_book	en	ust	php	
hblamtari	ne_glt_1co_book	ne	glt	1co	
hblamtari	ne_glt_1jn_book	ne	glt	1jn	
hblamtari	ne_glt_1pe_book	ne	glt	1pe	
hblamtari	ne_glt_1th_book	ne	glt	1th	
hblamtari	ne_glt_1ti_book	ne	glt	1ti	
hblamtari	ne_glt_2co_book	ne	glt	2co	
hblamtari	ne_glt_2jn_book	ne	glt	2jn	
hblamtari	ne_glt_2pe_book	ne	glt	2pe	
hblamtari	ne_glt_2th_book	ne	glt	2th	
hblamtari	ne_glt_2ti_book	ne	glt	2ti	
hblamtari	ne_glt_3jn_book	ne	glt	3jn	
hblamtari	ne_glt_act_book	ne	glt	act	
hblamtari	ne_glt_col_book	ne	glt	col	
hblamtari	ne_glt_eph_book	ne	glt	eph	
hblamtari	ne_glt_gal_book	ne	glt	gal	
hblamtari	ne_glt_heb_book	ne	glt	heb	
hblamtari	ne_glt_jas_book	ne	glt	jas	
hblamtari	ne_glt_jhn_book	ne	glt	jhn	
hblamtari	ne_glt_jud_book	ne	glt	jud	
hblamtari	ne_glt_luk_book	ne	glt	luk	
hblamtari	ne_glt_mat_book	ne	glt	mat	
hblamtari	ne_glt_mrk_book	ne	glt	mrk	
hblamtari	ne_glt_phm_book	ne	glt	phm	
hblamtari	ne_glt_php_book	ne	glt	php	
hblamtari	ne_glt_rev_book	ne	glt	rev	
hblamtari	ne_glt_rom_book	ne	glt	rom	
hblamtari	ne_glt_tit_book	ne	glt	tit	
hblamtari	ne_gst_mrk_book	ne	gst	mrk	
hblamtari	ne_gst_tit_book	ne	gst	tit	
HJ	vi_vilt_tit_book	vi	vilt	tit	
HJ	vi_vst_tit_book	vi	vst	tit	
ibibleru	el-x-koine_sttr_1co_book	el-x-koine	sttr	1co	
ibibleru	el-x-koine_sttr_1jn_book	el-x-koine	sttr	1jn	
ibibleru	el-x-koine_sttr_1pe_book	el-x-koine	sttr	1pe	
ibibleru	el-x-koine_sttr_1th_book	el-x-koine	sttr	1th	
ibibleru	el-x-koine_sttr_1ti_book	el-x-koine	sttr	1ti	
ibibleru	el-x-koine_sttr_2co_book	el-x-koine	sttr	2co	
ibibleru	el-x-koine_sttr_2jn_book	el-x-koine	sttr	2jn	
ibibleru	el-x-koine_sttr_2pe_book	el-x-koine	sttr	2pe	
ibibleru	el-x-koine_sttr_2th_book	el-x-koine	sttr	2th	
ibibleru	el-x-koine_sttr_2ti_book	el-x-koine	sttr	2ti	
ibibleru	el-x-koine_sttr_3jn_book	el-x-koine	sttr	3jn	
ibibleru	el-x-koine_sttr_act_book	el-x-koine	sttr	act	
ibibleru	el-x-koine_sttr_col_book	el-x-koine	sttr	col	
ibibleru	el-x-koine_sttr_eph_book	el-x-koine	sttr	eph	
ibibleru	el-x-koine_sttr_gal_book	el-x-koine	sttr	gal	
ibibleru	el-x-koine_sttr_heb_book	el-x-koine	sttr	heb	
ibibleru	el-x-koine_sttr_jas_book	el-x-koine	sttr	jas	
ibibleru	el-x-koine_sttr_jhn_book	el-x-koine	sttr	jhn	
ibibleru	el-x-koine_sttr_jud_book	el-x-koine	sttr	jud	
ibibleru	el-x-koine_sttr_luk_book	el-x-koine	sttr	luk	
ibibleru	el-x-koine_sttr_mat_book	el-x-koine	sttr	mat	
ibibleru	el-x-koine_sttr_mrk_book	el-x-koine	sttr	mrk	
ibibleru	el-x-koine_sttr_phm_book	el-x-koine	sttr	phm	
ibibleru	el-x-koine_sttr_php_book	el-x-koine	sttr	php	
ibibleru	el-x-koine_sttr_rev_book	el-x-koine	sttr	rev	
ibibleru	el-x-koine_sttr_rom_book	el-x-koine	sttr	rom	
ibibleru	el-x-koine_sttr_tit_book	el-x-koine	sttr	tit	
ibibleru	ru_rlob_jon_book	ru	rlob	jon	
ibibleru	ru_rlob_rut_book	ru	rlob	rut	
India_BCS	as_irv_1co_book	as	irv	1co	
India_BCS	as_irv_1jn_book	as	irv	1jn	
India_BCS	as_irv_1pe_book	as	irv	1pe	
India_BCS	as_irv_1th_book	as	irv	1th	
India_BCS	as_irv_1ti_book	as	irv	1ti	
India_BCS	as_irv_2co_book	as	irv	2co	
India_BCS	as_irv_2jn_book	as	irv	2jn	
India_BCS	as_irv_2pe_book	as	irv	2pe	
India_BCS	as_irv_2th_book	as	irv	2th	
India_BCS	as_irv_2ti_book	as	irv	2ti	
India_BCS	as_irv_3jn_book	as	irv	3jn	
India_BCS	as_irv_act_book	as	irv	act	
India_BCS	as_irv_col_book	as	irv	col	
India_BCS	as_irv_eph_book	as	irv	eph	
India_BCS	as_irv_gal_book	as	irv	gal	
India_BCS	as_irv_heb_book	as	irv	heb	
India_BCS	as_irv_jas_book	as	irv	jas	
India_BCS	as_irv_jhn_book	as	irv	jhn	
India_BCS	as_irv_jud_book	as	irv	jud	
India_BCS	as_irv_luk_book	as	irv	luk	
India_BCS	as_irv_mat_book	as	irv	mat	
India_BCS	as_irv_mrk_book	as	irv	mrk	
India_BCS	as_irv_phm_book	as	irv	phm	
India_BCS	as_irv_php_book	as	irv	php	
India_BCS	as_irv_rev_book	as	irv	rev	
India_BCS	as_irv_rom_book	as	irv	rom	
India_BCS	as_irv_tit_book	as	irv	tit	
India_BCS	bn_irv_1co_book	bn	irv	1co	
India_BCS	bn_irv_1jn_book	bn	irv	1jn	
India_BCS	bn_irv_1pe_book	bn	irv	1pe	
India_BCS	bn_irv_col_book	bn	irv	col	
India_BCS	bn_irv_eph_book	bn	irv	eph	
India_BCS	bn_irv_jud_book	bn	irv	jud	
India_BCS	bn_irv_phm_book	bn	irv	phm	
India_BCS	bn_irv_rom_book	bn	irv	rom	
India_BCS	bn_irv_tit_book	bn	irv	tit	
India_BCS	gu_irv_tit_book	gu	irv	tit	
India_BCS	hi_hglt_1ti_book	hi	hglt	1ti	
India_BCS	hi_hglt_3jn_book	hi	hglt	3jn	
India_BCS	hi_hglt_eph_book	hi	hglt	eph	
India_BCS	hi_hglt_est_book	hi	hglt	est	
India_BCS	hi_hglt_jon_book	hi	hglt	jon	
India_BCS	hi_hglt_rut_book	hi	hglt	rut	
India_BCS	hi_hglt_tit_book	hi	hglt	tit	
India_BCS	hi_hgst_1ti_book	hi	hgst	1ti	
India_BCS	hi_hgst_3jn_book	hi	hgst	3jn	
India_BCS	hi_hgst_eph_book	hi	hgst	eph	
India_BCS	hi_hgst_est_book	hi	hgst	est	
India_BCS	hi_hgst_jon_book	hi	hgst	jon	
India_BCS	hi_hgst_tit_book	hi	hgst	tit	
India_BCS	hi_iev_1th_book	hi	iev	1th	
India_BCS	hi_iev_2jn_book	hi	iev	2jn	
India_BCS	hi_iev_3jn_book	hi	iev	3jn	
India_BCS	hi_iev_eph_book	hi	iev	eph	
India_BCS	hi_iev_gal_book	hi	iev	gal	
India_BCS	hi_iev_php_book	hi	iev	php	
India_BCS	hi_iev_rut_book	hi	iev	rut	
India_BCS	hi_irv_1sa_book	hi	irv	1sa	
India_BCS	hi_irv_1th_book	hi	irv	1th	
India_BCS	hi_irv_1ti_book	hi	irv	1ti	
India_BCS	hi_irv_2th_book	hi	irv	2th	
India_BCS	hi_irv_2ti_book	hi	irv	2ti	
India_BCS	hi_irv_3jn_book	hi	irv	3jn	
India_BCS	hi_irv_act_book	hi	irv	act	
India_BCS	hi_irv_amo_book	hi	irv	amo	
India_BCS	hi_irv_col_book	hi	irv	col	
India_BCS	hi_irv_ecc_book	hi	irv	ecc	
India_BCS	hi_irv_est_book	hi	irv	est	
India_BCS	hi_irv_ezr_book	hi	irv	ezr	
India_BCS	hi_irv_gal_book	hi	irv	gal	
India_BCS	hi_irv_hag_book	hi	irv	hag	
India_BCS	hi_irv_hos_book	hi	irv	hos	
India_BCS	hi_irv_jas_book	hi	irv	jas	
India_BCS	hi_irv_jud_book	hi	irv	jud	
India_BCS	hi_irv_lam_book	hi	irv	lam	
India_BCS	hi_irv_luk_book	hi	irv	luk	
India_BCS	hi_irv_mat_book	hi	irv	mat	
India_BCS	hi_irv_neh_book	hi	irv	neh	
India_BCS	hi_irv_phm_book	hi	irv	phm	
India_BCS	hi_irv_php_book	hi	irv	php	
India_BCS	hi_irv_rom_book	hi	irv	rom	
India_BCS	hi_irv_sng_book	hi	irv	sng	
India_BCS	hi_irv_zec_book	hi	irv	zec	
India_BCS	kn_glt_1jn_book	kn	glt	1jn	
India_BCS	kn_glt_jas_book	kn	glt	jas	
India_BCS	kn_glt_tit_book	kn	glt	tit	
India_BCS	kn_gst_1ti_book	kn	gst	1ti	
India_BCS	kn_gst_2jn_book	kn	gst	2jn	
India_BCS	kn_gst_2ti_book	kn	gst	2ti	
India_BCS	kn_gst_3jn_book	kn	gst	3jn	
India_BCS	kn_gst_jon_book	kn	gst	jon	
India_BCS	kn_gst_rut_book	kn	gst	rut	
India_BCS	kn_gst_tit_book	kn	gst	tit	
India_BCS	kn_irv_tit_book	kn	irv	tit	
India_BCS	kn_kglt_1ti_book	kn	kglt	1ti	
India_BCS	kn_kglt_2jn_book	kn	kglt	2jn	
India_BCS	kn_kglt_2ti_book	kn	kglt	2ti	
India_BCS	kn_kglt_3jn_book	kn	kglt	3jn	
India_BCS	kn_kglt_eph_book	kn	kglt	eph	
India_BCS	kn_kglt_jon_book	kn	kglt	jon	
India_BCS	kn_kglt_rut_book	kn	kglt	rut	
India_BCS	kn_kgst_eph_book	kn	kgst	eph	
India_BCS	kn_kst_tit_book	kn	kst	tit	
India_BCS	kn_kust_3jn_book	kn	kust	3jn	
India_BCS	ml_irv_1co_book	ml	irv	1co	
India_BCS	ml_irv_1jn_book	ml	irv	1jn	
India_BCS	ml_irv_1ti_book	ml	irv	1ti	
India_BCS	ml_irv_2co_book	ml	irv	2co	
India_BCS	ml_irv_2pe_book	ml	irv	2pe	
India_BCS	ml_irv_2th_book	ml	irv	2th	
India_BCS	ml_irv_2ti_book	ml	irv	2ti	
India_BCS	ml_irv_act_book	ml	irv	act	
India_BCS	ml_irv_col_book	ml	irv	col	
India_BCS	ml_irv_eph_book	ml	irv	eph	
India_BCS	ml_irv_gal_book	ml	irv	gal	
India_BCS	ml_irv_heb_book	ml	irv	heb	
India_BCS	ml_irv_jas_book	ml	irv	jas	
India_BCS	ml_irv_jhn_book	ml	irv	jhn	
India_BCS	ml_irv_jud_book	ml	irv	jud	
India_BCS	ml_irv_luk_book	ml	irv	luk	
India_BCS	ml_irv_mat_book	ml	irv	mat	
India_BCS	ml_irv_mrk_book	ml	irv	mrk	
India_BCS	ml_irv_phm_book	ml	irv	phm	
India_BCS	ml_irv_php_book	ml	irv	php	
India_BCS	ml_irv_rev_book	ml	irv	rev	
India_BCS	ml_irv_rom_book	ml	irv	rom	
India_BCS	ml_irv_tit_book	ml	irv	tit	
India_BCS	mr_irv_1jn_book	mr	irv	1jn	
India_BCS	mr_irv_2pe_book	mr	irv	2pe	
India_BCS	mr_irv_tit_book	mr	irv	tit	
India_BCS	nag_irv_1co_book	nag	irv	1co	
India_BCS	nag_irv_1jn_book	nag	irv	1jn	
India_BCS	nag_irv_1pe_book	nag	irv	1pe	
India_BCS	nag_irv_1th_book	nag	irv	1th	
India_BCS	nag_irv_2co_book	nag	irv	2co	
India_BCS	nag_irv_2jn_book	nag	irv	2jn	
India_BCS	nag_irv_2pe_book	nag	irv	2pe	
India_BCS	nag_irv_2th_book	nag	irv	2th	
India_BCS	nag_irv_3jn_book	nag	irv	3jn	
India_BCS	nag_irv_act_book	nag	irv	act	
India_BCS	nag_irv_col_book	nag	irv	col	
India_BCS	nag_irv_eph_book	nag	irv	eph	
India_BCS	nag_irv_gal_book	nag	irv	gal	
India_BCS	nag_irv_heb_book	nag	irv	heb	
India_BCS	nag_irv_jas_book	nag	irv	jas	
India_BCS	nag_irv_jhn_book	nag	irv	jhn	
India_BCS	nag_irv_jud_book	nag	irv	jud	
India_BCS	nag_irv_luk_book	nag	irv	luk	
India_BCS	nag_irv_mat_book	nag	irv	mat	
India_BCS	nag_irv_mrk_book	nag	irv	mrk	
India_BCS	nag_irv_phm_book	nag	irv	phm	
India_BCS	nag_irv_php_book	nag	irv	php	
India_BCS	nag_irv_rev_book	nag	irv	rev	
India_BCS	nag_irv_rom_book	nag	irv	rom	
India_BCS	nag_irv_tit_book	nag	irv	tit	
India_BCS	or_irv_1co_book	or	irv	1co	
India_BCS	or_irv_1jn_book	or	irv	1jn	
India_BCS	or_irv_1pe_book	or	irv	1pe	
India_BCS	or_irv_1th_book	or	irv	1th	
India_BCS	or_irv_1ti_book	or	irv	1ti	
India_BCS	or_irv_2co_book	or	irv	2co	
India_BCS	or_irv_2jn_book	or	irv	2jn	
India_BCS	or_irv_2pe_book	or	irv	2pe	
India_BCS	or_irv_2th_book	or	irv	2th	
India_BCS	or_irv_2ti_book	or	irv	2ti	
India_BCS	or_irv_act_book	or	irv	act	
India_BCS	or_irv_col_book	or	irv	col	
India_BCS	or_irv_eph_book	or	irv	eph	
India_BCS	or_irv_gal_book	or	irv	gal	
India_BCS	or_irv_heb_book	or	irv	heb	
India_BCS	or_irv_jas_book	or	irv	jas	
India_BCS	or_irv_jhn_book	or	irv	jhn	
India_BCS	or_irv_jud_book	or	irv	jud	
India_BCS	or_irv_luk_book	or	irv	luk	
India_BCS	or_irv_mat_book	or	irv	mat	
India_BCS	or_irv_mrk_book	or	irv	mrk	
India_BCS	or_irv_phm_book	or	irv	phm	
India_BCS	or_irv_php_book	or	irv	php	
India_BCS	or_irv_rev_book	or	irv	rev	
India_BCS	or_irv_rom_book	or	irv	rom	
India_BCS	pa_irv_mat_book	pa	irv	mat	
India_BCS	pa_irv_mrk_book	pa	irv	mrk	
India_BCS	pa_irv_tit_book	pa	irv	tit	
India_BCS	te_irv_2jn_book	te	irv	2jn	
India_BCS	te_irv_3jn_book	te	irv	3jn	
India_BCS	te_irv_jud_book	te	irv	jud	
India_BCS	te_irv_phm_book	te	irv	phm	
India_BCS	te_irv_tit_book	te	irv	tit	
India_BCS	ur_irv_1jn_book	ur	irv	1jn	
India_BCS	ur_irv_1pe_book	ur	irv	1pe	
India_BCS	ur_irv_1th_book	ur	irv	1th	
India_BCS	ur_irv_1ti_book	ur	irv	1ti	
India_BCS	ur_irv_2jn_book	ur	irv	2jn	
India_BCS	ur_irv_2pe_book	ur	irv	2pe	
India_BCS	ur_irv_2th_book	ur	irv	2th	
India_BCS	ur_irv_2ti_book	ur	irv	2ti	
India_BCS	ur_irv_3jn_book	ur	irv	3jn	
India_BCS	ur_irv_heb_book	ur	irv	heb	
India_BCS	ur_irv_jas_book	ur	irv	jas	
India_BCS	ur_irv_jud_book	ur	irv	jud	
India_BCS	ur_irv_phm_book	ur	irv	phm	
India_BCS	ur_irv_tit_book	ur	irv	tit	
Isaac.Jani	ory_ogst_jas_book	ory	ogst	jas	
JackMessarra	en_ult_amo_book	en	ult	amo	
JackMessarra	en_ult_deu_book	en	ult	deu	
JackMessarra	en_ult_psa_book	en	ult	psa	
JackMessarra	en_ust_amo_book	en	ust	amo	
jag3773	aa_reg_gal_book	aa	reg	gal	
jag3773	aac_test_3jn_book	aac	test	3jn	
jag3773	en_asdf_rut_book	en	asdf	rut	
jag3773	en_jult_1ch_book	en	jult	1ch	
jag3773	en_ult_1ch_book	en	ult	1ch	
jag3773	en_ult_zec_book	en	ult	zec	
jduguid	en_ult_isa_book	en	ult	isa	
jesse_test	aac_test_3jn_book	aac	test	3jn	
jesse_test	aac_ulb_jud_book	aac	ulb	jud	
jesse_test	aac_ulbs_jud_book	aac	ulbs	jud	
jesse_test	hi_reg_mrk_book	hi	reg	mrk	
jessewharris	en_ult_lam_book	en	ult	lam	
jessewharris	en_ult_pro_book	en	ult	pro	
jobbyp	hi_abc_mat_book	hi	abc	mat	
jobbyp	hi_hglt_tit_book	hi	hglt	tit	
jobbyp	hi_jmjp_jas_book	hi	jmjp	jas	
jobbyp	hi_oatt_tit_book	hi	oatt	tit	
jobbyp	ru_ulb_mrk_book	ru	ulb	mrk	
jobbyp	ru_ulb_tit_book	ru	ulb	tit	
joel.martin	en-x-demo1_reg_mrk_book	en-x-demo1	reg	mrk	
joel	aa_reg_gen_book	aa	reg	gen	
joel	aig_old_gal_book	aig	old	gal	
joel	ar_nav_oba_book	ar	nav	oba	
joel	en_algn_tit_book	en	algn	tit	
joel	en_bad_rut_book	en	bad	rut	
joel	en_note_1th_book	en	note	1th	
joel	en_oen_2ti_book	en	oen	2ti	
joel	en_reg_rut_book	en	reg	rut	
joel	en_ult_mrk_book	en	ult	mrk	
joel	en_ult_rut_book	en	ult	rut	
joel	en_ust_1sa_book	en	ust	1sa	
joeldruark	en_ult_1ch_book	en	ult	1ch	
joeldruark	en_ult_1ki_book	en	ult	1ki	
joeldruark	en_ult_1sa_book	en	ult	1sa	
joeldruark	en_ult_2ch_book	en	ult	2ch	
joeldruark	en_ult_2ki_book	en	ult	2ki	
joeldruark	en_ult_2sa_book	en	ult	2sa	
joeldruark	en_ult_amo_book	en	ult	amo	
joeldruark	en_ult_deu_book	en	ult	deu	
joeldruark	en_ult_est_book	en	ult	est	
joeldruark	en_ult_exo_book	en	ult	exo	
joeldruark	en_ult_ezk_book	en	ult	ezk	
joeldruark	en_ult_ezr_book	en	ult	ezr	
joeldruark	en_ult_gen_book	en	ult	gen	
joeldruark	en_ult_hab_book	en	ult	hab	
joeldruark	en_ult_hag_book	en	ult	hag	
joeldruark	en_ult_hos_book	en	ult	hos	
joeldruark	en_ult_isa_book	en	ult	isa	
joeldruark	en_ult_jdg_book	en	ult	jdg	
joeldruark	en_ult_jer_book	en	ult	jer	
joeldruark	en_ult_jol_book	en	ult	jol	
joeldruark	en_ult_jon_book	en	ult	jon	
joeldruark	en_ult_jos_book	en	ult	jos	
joeldruark	en_ult_lam_book	en	ult	lam	
joeldruark	en_ult_lev_book	en	ult	lev	
joeldruark	en_ult_mal_book	en	ult	mal	
joeldruark	en_ult_mic_book	en	ult	mic	
joeldruark	en_ult_nam_book	en	ult	nam	
joeldruark	en_ult_neh_book	en	ult	neh	
joeldruark	en_ult_oba_book	en	ult	oba	
joeldruark	en_ult_pro_book	en	ult	pro	
joeldruark	en_ult_rut_book	en	ult	rut	
joeldruark	en_ult_zec_book	en	ult	zec	
joeldruark	en_ult_zep_book	en	ult	zep	
joeldruark	en_ust_1ch_book	en	ust	1ch	
joeldruark	en_ust_1ki_book	en	ust	1ki	
joeldruark	en_ust_1sa_book	en	ust	1sa	
joeldruark	en_ust_2ch_book	en	ust	2ch	
joeldruark	en_ust_2ki_book	en	ust	2ki	
joeldruark	en_ust_amo_book	en	ust	amo	
joeldruark	en_ust_dan_book	en	ust	dan	
joeldruark	en_ust_deu_book	en	ust	deu	
joeldruark	en_ust_est_book	en	ust	est	
joeldruark	en_ust_exo_book	en	ust	exo	
joeldruark	en_ust_ezk_book	en	ust	ezk	
joeldruark	en_ust_ezr_book	en	ust	ezr	
joeldruark	en_ust_gen_book	en	ust	gen	
joeldruark	en_ust_hab_book	en	ust	hab	
joeldruark	en_ust_hag_book	en	ust	hag	
joeldruark	en_ust_isa_book	en	ust	isa	
joeldruark	en_ust_jdg_book	en	ust	jdg	
joeldruark	en_ust_jer_book	en	ust	jer	
joeldruark	en_ust_job_book	en	ust	job	
joeldruark	en_ust_jol_book	en	ust	jol	
joeldruark	en_ust_jon_book	en	ust	jon	
joeldruark	en_ust_jos_book	en	ust	jos	
joeldruark	en_ust_lam_book	en	ust	lam	
joeldruark	en_ust_lev_book	en	ust	lev	
joeldruark	en_ust_mal_book	en	ust	mal	
joeldruark	en_ust_mic_book	en	ust	mic	
joeldruark	en_ust_nam_book	en	ust	nam	
joeldruark	en_ust_neh_book	en	ust	neh	
joeldruark	en_ust_num_book	en	ust	num	
joeldruark	en_ust_oba_book	en	ust	oba	
joeldruark	en_ust_pro_book	en	ust	pro	
joeldruark	en_ust_psa_book	en	ust	psa	
joeldruark	en_ust_rut_book	en	ust	rut	
joeldruark	en_ust_sng_book	en	ust	sng	
joeldruark	en_ust_zec_book	en	ust	zec	
joeldruark	en_ust_zep_book	en	ust	zep	
joeldruark	hi_hglt_tit_book	hi	hglt	tit	
Joshua	hal_hal_gen_book	hal	hal	gen	
Joshua	hal_hlan_gen_book	hal	hlan	gen	
Joy18	avi_reg_tit_book	avi	reg	tit	
JustinBoothby	en_ult_jos_book	en	ult	jos	
katalakay	en_ult_1ki_book	en	ult	1ki	
katalakay	en_ult_1sa_book	en	ult	1sa	
katalakay	en_ult_deu_book	en	ult	deu	
katalakay	en_ult_exo_book	en	ult	exo	
katalakay	en_ult_ezk_book	en	ult	ezk	
katalakay	en_ult_ezr_book	en	ult	ezr	
katalakay	en_ult_gen_book	en	ult	gen	
katalakay	en_ult_isa_book	en	ult	isa	
katalakay	en_ult_jer_book	en	ult	jer	
katalakay	en_ult_job_book	en	ult	job	
katalakay	en_ult_psa_book	en	ult	psa	
katalakay	en_ult_zec_book	en	ult	zec	
katalakay	en_ust_1co_book	en	ust	1co	
katalakay	en_ust_1ki_book	en	ust	1ki	
katalakay	en_ust_1pe_book	en	ust	1pe	
katalakay	en_ust_1th_book	en	ust	1th	
katalakay	en_ust_1ti_book	en	ust	1ti	
katalakay	en_ust_2co_book	en	ust	2co	
katalakay	en_ust_2jn_book	en	ust	2jn	
katalakay	en_ust_2ki_book	en	ust	2ki	
katalakay	en_ust_2pe_book	en	ust	2pe	
katalakay	en_ust_2th_book	en	ust	2th	
katalakay	en_ust_2ti_book	en	ust	2ti	
katalakay	en_ust_3jn_book	en	ust	3jn	
katalakay	en_ust_act_book	en	ust	act	
katalakay	en_ust_col_book	en	ust	col	
katalakay	en_ust_deu_book	en	ust	deu	
katalakay	en_ust_exo_book	en	ust	exo	
katalakay	en_ust_ezk_book	en	ust	ezk	
katalakay	en_ust_ezr_book	en	ust	ezr	
katalakay	en_ust_gal_book	en	ust	gal	
katalakay	en_ust_gen_book	en	ust	gen	
katalakay	en_ust_hab_book	en	ust	hab	
katalakay	en_ust_hag_book	en	ust	hag	
katalakay	en_ust_heb_book	en	ust	heb	
katalakay	en_ust_isa_book	en	ust	isa	
katalakay	en_ust_jas_book	en	ust	jas	
katalakay	en_ust_jer_book	en	ust	jer	
katalakay	en_ust_job_book	en	ust	job	
katalakay	en_ust_jol_book	en	ust	jol	
katalakay	en_ust_jos_book	en	ust	jos	
katalakay	en_ust_jud_book	en	ust	jud	
katalakay	en_ust_lam_book	en	ust	lam	
katalakay	en_ust_lev_book	en	ust	lev	
katalakay	en_ust_luk_book	en	ust	luk	
katalakay	en_ust_mal_book	en	ust	mal	
katalakay	en_ust_mat_book	en	ust	mat	
katalakay	en_ust_mic_book	en	ust	mic	
katalakay	en_ust_nam_book	en	ust	nam	
katalakay	en_ust_num_book	en	ust	num	
katalakay	en_ust_php_book	en	ust	php	
katalakay	en_ust_pro_book	en	ust	pro	
katalakay	en_ust_psa_book	en	ust	psa	
katalakay	en_ust_rev_book	en	ust	rev	
katalakay	en_ust_rom_book	en	ust	rom	
katalakay	en_ust_sng_book	en	ust	sng	
katalakay	en_ust_zec_book	en	ust	zec	
katalakay	en_ust_zep_book	en	ust	zep	
katalakay	ru_ust_luk_book	ru	ust	luk	
katalakay	ru_ust_mat_book	ru	ust	mat	
katu_2021	kuf_ktlt_1co_book	kuf	ktlt	1co	
katu_2021	kuf_ktlt_1jn_book	kuf	ktlt	1jn	
katu_2021	kuf_ktlt_1pe_book	kuf	ktlt	1pe	
katu_2021	kuf_ktlt_1th_book	kuf	ktlt	1th	
katu_2021	kuf_ktlt_1ti_book	kuf	ktlt	1ti	
katu_2021	kuf_ktlt_2co_book	kuf	ktlt	2co	
katu_2021	kuf_ktlt_2jn_book	kuf	ktlt	2jn	
katu_2021	kuf_ktlt_2pe_book	kuf	ktlt	2pe	
katu_2021	kuf_ktlt_2th_book	kuf	ktlt	2th	
katu_2021	kuf_ktlt_2ti_book	kuf	ktlt	2ti	
katu_2021	kuf_ktlt_3jn_book	kuf	ktlt	3jn	
katu_2021	kuf_ktlt_act_book	kuf	ktlt	act	
katu_2021	kuf_ktlt_col_book	kuf	ktlt	col	
katu_2021	kuf_ktlt_eph_book	kuf	ktlt	eph	
katu_2021	kuf_ktlt_gal_book	kuf	ktlt	gal	
katu_2021	kuf_ktlt_heb_book	kuf	ktlt	heb	
katu_2021	kuf_ktlt_jas_book	kuf	ktlt	jas	
katu_2021	kuf_ktlt_jhn_book	kuf	ktlt	jhn	
katu_2021	kuf_ktlt_jud_book	kuf	ktlt	jud	
katu_2021	kuf_ktlt_luk_book	kuf	ktlt	luk	
katu_2021	kuf_ktlt_mat_book	kuf	ktlt	mat	
katu_2021	kuf_ktlt_mrk_book	kuf	ktlt	mrk	
katu_2021	kuf_ktlt_phm_book	kuf	ktlt	phm	
katu_2021	kuf_ktlt_php_book	kuf	ktlt	php	
katu_2021	kuf_ktlt_rev_book	kuf	ktlt	rev	
katu_2021	kuf_ktlt_rom_book	kuf	ktlt	rom	
katu_2021	kuf_ktlt_tit_book	kuf	ktlt	tit	
kiranjagdhane17	en_ult_eph_book	en	ult	eph	
kiranjagdhane17	mr_mglt_eph_book	mr	mglt	eph	
kiranjagdhane17	mr_mgs_1ti_book	mr	mgs	1ti	
kiranjagdhane17	mr_mgst_1ti_book	mr	mgst	1ti	
kiranjagdhane17	mr_mgst_eph_book	mr	mgst	eph	
klnickell	en_ust_1co_book	en	ust	1co	
klnickell	en_ust_2co_book	en	ust	2co	
klnickell	en_ust_phm_book	en	ust	phm	
klnickell	en_ust_rev_book	en	ust	rev	
konyinyi	my_reg_mrk_book	my	reg	mrk	
Kumar	kn_gst_luk_book	kn	gst	luk	
laithienthao	vi_ulba_tit_book	vi	ulba	tit	
laithienthao	vi_ulbc_tit_book	vi	ulbc	tit	
laithienthao	vi_ulbt_tit_book	vi	ulbt	tit	
laithienthao	vi_vst_tit_book	vi	vst	tit	
LarryPinero	es-419_tpl_3jn_book	es-419	tpl	3jn	
LarryPinero	es-419_tpl_rut_book	es-419	tpl	rut	
LarryPinero	es-419_tpl_tit_book	es-419	tpl	tit	
LarryPinero	es-419_tps_3jn_book	es-419	tps	3jn	
LarryPinero	es-419_tps_tit_book	es-419	tps	tit	
LarryPinero	es-419_udb_tit_book	es-419	udb	tit	
LarryPinero	es-419_ulb_rut_book	es-419	ulb	rut	
laurag	en_ult_2sa_book	en	ult	2sa	
laurag	en_ult_jer_book	en	ult	jer	
laurag	en_ust_gen_book	en	ust	gen	
lrsallee	en_ult_1co_book	en	ult	1co	
lrsallee	en_ult_1pe_book	en	ult	1pe	
lrsallee	en_ult_2pe_book	en	ult	2pe	
lrsallee	en_ult_act_book	en	ult	act	
lrsallee	en_ult_gal_book	en	ult	gal	
lrsallee	en_ult_jhn_book	en	ult	jhn	
lrsallee	en_ult_jud_book	en	ult	jud	
lrsallee	en_ult_luk_book	en	ult	luk	
lrsallee	en_ult_rom_book	en	ult	rom	
lrsallee	en_ust_1ch_book	en	ust	1ch	
lrsallee	en_ust_1pe_book	en	ust	1pe	
lrsallee	en_ust_1sa_book	en	ust	1sa	
lrsallee	en_ust_2pe_book	en	ust	2pe	
lrsallee	en_ust_col_book	en	ust	col	
lrsallee	en_ust_gal_book	en	ust	gal	
lrsallee	en_ust_jhn_book	en	ust	jhn	
lrsallee	en_ust_jos_book	en	ust	jos	
lrsallee	en_ust_jud_book	en	ust	jud	
lrsallee	en_ust_luk_book	en	ust	luk	
lrsallee	en_ust_phm_book	en	ust	phm	
lrsallee	en_ust_php_book	en	ust	php	
lversaw	nar_reg_rom_book	nar	reg	rom	
man_vgm	en_vts_exo_book	en	vts	exo	
man_vgm	vi_ult_2jn_book	vi	ult	2jn	
man_vgm	vi_vlt_1co_book	vi	vlt	1co	
man_vgm	vi_vlt_1jn_book	vi	vlt	1jn	
man_vgm	vi_vlt_1pe_book	vi	vlt	1pe	
man_vgm	vi_vlt_1th_book	vi	vlt	1th	
man_vgm	vi_vlt_1ti_book	vi	vlt	1ti	
man_vgm	vi_vlt_2co_book	vi	vlt	2co	
man_vgm	vi_vlt_2jn_book	vi	vlt	2jn	
man_vgm	vi_vlt_2pe_book	vi	vlt	2pe	
man_vgm	vi_vlt_2th_book	vi	vlt	2th	
man_vgm	vi_vlt_2ti_book	vi	vlt	2ti	
man_vgm	vi_vlt_3jn_book	vi	vlt	3jn	
man_vgm	vi_vlt_act_book	vi	vlt	act	
man_vgm	vi_vlt_col_book	vi	vlt	col	
man_vgm	vi_vlt_eph_book	vi	vlt	eph	
man_vgm	vi_vlt_gal_book	vi	vlt	gal	
man_vgm	vi_vlt_heb_book	vi	vlt	heb	
man_vgm	vi_vlt_jas_book	vi	vlt	jas	
man_vgm	vi_vlt_jhn_book	vi	vlt	jhn	
man_vgm	vi_vlt_jud_book	vi	vlt	jud	
man_vgm	vi_vlt_luk_book	vi	vlt	luk	
man_vgm	vi_vlt_mat_book	vi	vlt	mat	
man_vgm	vi_vlt_mrk_book	vi	vlt	mrk	
man_vgm	vi_vlt_phm_book	vi	vlt	phm	
man_vgm	vi_vlt_php_book	vi	vlt	php	
man_vgm	vi_vlt_rev_book	vi	vlt	rev	
man_vgm	vi_vlt_rom_book	vi	vlt	rom	
man_vgm	vi_vlt_tit_book	vi	vlt	tit	
man_vgm	vi_volt_1ch_book	vi	volt	1ch	
man_vgm	vi_volt_1ki_book	vi	volt	1ki	
man_vgm	vi_volt_1sa_book	vi	volt	1sa	
man_vgm	vi_volt_2ch_book	vi	volt	2ch	
man_vgm	vi_volt_2ki_book	vi	volt	2ki	
man_vgm	vi_volt_2sa_book	vi	volt	2sa	
man_vgm	vi_volt_amo_book	vi	volt	amo	
man_vgm	vi_volt_dan_book	vi	volt	dan	
man_vgm	vi_volt_deu_book	vi	volt	deu	
man_vgm	vi_volt_ecc_book	vi	volt	ecc	
man_vgm	vi_volt_est_book	vi	volt	est	
man_vgm	vi_volt_exo_book	vi	volt	exo	
man_vgm	vi_volt_ezk_book	vi	volt	ezk	
man_vgm	vi_volt_ezr_book	vi	volt	ezr	
man_vgm	vi_volt_gen_book	vi	volt	gen	
man_vgm	vi_volt_hab_book	vi	volt	hab	
man_vgm	vi_volt_hag_book	vi	volt	hag	
man_vgm	vi_volt_hos_book	vi	volt	hos	
man_vgm	vi_volt_isa_book	vi	volt	isa	
man_vgm	vi_volt_jdg_book	vi	volt	jdg	
man_vgm	vi_volt_jer_book	vi	volt	jer	
man_vgm	vi_volt_job_book	vi	volt	job	
man_vgm	vi_volt_jol_book	vi	volt	jol	
man_vgm	vi_volt_jon_book	vi	volt	jon	
man_vgm	vi_volt_jos_book	vi	volt	jos	
man_vgm	vi_volt_lam_book	vi	volt	lam	
man_vgm	vi_volt_lev_book	vi	volt	lev	
man_vgm	vi_volt_mal_book	vi	volt	mal	
man_vgm	vi_volt_mic_book	vi	volt	mic	
man_vgm	vi_volt_nam_book	vi	volt	nam	
man_vgm	vi_volt_neh_book	vi	volt	neh	
man_vgm	vi_volt_num_book	vi	volt	num	
man_vgm	vi_volt_oba_book	vi	volt	oba	
man_vgm	vi_volt_pro_book	vi	volt	pro	
man_vgm	vi_volt_psa_book	vi	volt	psa	
man_vgm	vi_volt_rut_book	vi	volt	rut	
man_vgm	vi_volt_sng_book	vi	volt	sng	
man_vgm	vi_volt_zec_book	vi	volt	zec	
man_vgm	vi_volt_zep_book	vi	volt	zep	
man_vgm	vi_vts_col_book	vi	vts	col	
man_vgm	vi_vts_exo_book	vi	vts	exo	
man_vgm	vi_vts_jon_book	vi	vts	jon	
manash12d	or_glt_jon_book	or	glt	jon	
manash12d	or_gltn_jon_book	or	gltn	jon	
manash12d	or_jglt_jon_book	or	jglt	jon	
manash12d	or_oglt_2jn_book	or	oglt	2jn	
manash12d	or_oglt_2ti_book	or	oglt	2ti	
manash12d	or_oglt_3jn_book	or	oglt	3jn	
manash12d	or_oglt_eph_book	or	oglt	eph	
manash12d	or_oglt_jas_book	or	oglt	jas	
manash12d	or_oglt_jon_book	or	oglt	jon	
manash12d	or_oglt_rut_book	or	oglt	rut	
manash12d	ory_glto_jon_book	ory	glto	jon	
manash12d	ory_oglt_1ti_book	ory	oglt	1ti	
manash12d	ory_oglt_2jn_book	ory	oglt	2jn	
manash12d	ory_oglt_jon_book	ory	oglt	jon	
manash12d	ory_ogst_1ti_book	ory	ogst	1ti	
manash12d	ory_ogst_2jn_book	ory	ogst	2jn	
manash12d	ory_ogst_2ti_book	ory	ogst	2ti	
manash12d	ory_ogst_eph_book	ory	ogst	eph	
manash12d	ory_ogst_jon_book	ory	ogst	jon	
manash12d	ory_ogst_rut_book	ory	ogst	rut	
manny_colon	aac_aaa_3jn_book	aac	aaa	3jn	
manny_colon	en_ooo_tit_book	en	ooo	tit	
manny_colon	en_qqq_tit_book	en	qqq	tit	
manny_colon	en_ust_act_book	en	ust	act	
manny_colon	en_xxx_jos_book	en	xxx	jos	
manny_colon	en_zzz_tit_book	en	zzz	tit	
manny_colon	hi_irv_act_book	hi	irv	act	
manny_colon	hi_irv_luk_book	hi	irv	luk	
manny_colon	hi_zzz_luk_book	hi	zzz	luk	
MarciaSuzuki	swx_reg_rut_book	swx	reg	rut	
MattCarlton	en_ult_gen_book	en	ult	gen	
MattCarlton	en_ust_gen_book	en	ust	gen	
mesopotamia	ku_reg_jhn_book	ku	reg	jhn	
miguelcordero	es-419_tpl_rut_book	es-419	tpl	rut	
miguelcordero	es-419_tps_rut_book	es-419	tps	rut	
mkaryakina	ru_lit_3jn_book	ru	lit	3jn	
mkaryakina	ru_rbl_mrk_book	ru	rbl	mrk	
mkaryakina	ru_rlo_tit_book	ru	rlo	tit	
mkaryakina	ru_rlob_3jn_book	ru	rlob	3jn	
mkaryakina	ru_rlob_rut_book	ru	rlob	rut	
mkaryakina	ru_rlob_tit_book	ru	rlob	tit	
mkaryakina	ru_rob_phm_book	ru	rob	phm	
mkaryakina	ru_rsb_phm_book	ru	rsb	phm	
mkaryakina	ru_rso_tit_book	ru	rso	tit	
mkaryakina	ru_rsob_3jn_book	ru	rsob	3jn	
mkaryakina	ru_rsob_tit_book	ru	rsob	tit	
mkaryakina	ru_ulb_3jn_book	ru	ulb	3jn	
mkaryakina	ru_ulb_mrk_book	ru	ulb	mrk	
mkaryakina	ru_ulb_tit_book	ru	ulb	tit	
mnong_2020	mng_mlt_1co_book	mng	mlt	1co	
mnong_2020	mng_mlt_1jn_book	mng	mlt	1jn	
mnong_2020	mng_mlt_1pe_book	mng	mlt	1pe	
mnong_2020	mng_mlt_1th_book	mng	mlt	1th	
mnong_2020	mng_mlt_1ti_book	mng	mlt	1ti	
mnong_2020	mng_mlt_2co_book	mng	mlt	2co	
mnong_2020	mng_mlt_2jn_book	mng	mlt	2jn	
mnong_2020	mng_mlt_2pe_book	mng	mlt	2pe	
mnong_2020	mng_mlt_2th_book	mng	mlt	2th	
mnong_2020	mng_mlt_2ti_book	mng	mlt	2ti	
mnong_2020	mng_mlt_3jn_book	mng	mlt	3jn	
mnong_2020	mng_mlt_act_book	mng	mlt	act	
mnong_2020	mng_mlt_col_book	mng	mlt	col	
mnong_2020	mng_mlt_eph_book	mng	mlt	eph	
mnong_2020	mng_mlt_gal_book	mng	mlt	gal	
mnong_2020	mng_mlt_heb_book	mng	mlt	heb	
mnong_2020	mng_mlt_jas_book	mng	mlt	jas	
mnong_2020	mng_mlt_jhn_book	mng	mlt	jhn	
mnong_2020	mng_mlt_jud_book	mng	mlt	jud	
mnong_2020	mng_mlt_luk_book	mng	mlt	luk	
mnong_2020	mng_mlt_mat_book	mng	mlt	mat	
mnong_2020	mng_mlt_mrk_book	mng	mlt	mrk	
mnong_2020	mng_mlt_phm_book	mng	mlt	phm	
mnong_2020	mng_mlt_php_book	mng	mlt	php	
mnong_2020	mng_mlt_rev_book	mng	mlt	rev	
mnong_2020	mng_mlt_rom_book	mng	mlt	rom	
mnong_2020	mng_mlt_tit_book	mng	mlt	tit	
mtijerina	en_ult_est_book	en	ult	est	
mtijerina	en_ult_exo_book	en	ult	exo	
mtijerina	en_ult_neh_book	en	ult	neh	
nileharvest	arz_udb_gen_book	arz	udb	gen	
Nitingudekar_1	mr_mgst_jas_book	mr	mgst	jas	
paulrana	ne_glt_2jn_book	ne	glt	2jn	
paulrana	ne_glt_3jn_book	ne	glt	3jn	
paulrana	ne_glt_act_book	ne	glt	act	
paulrana	ne_glt_heb_book	ne	glt	heb	
paulrana	ne_glt_jhn_book	ne	glt	jhn	
paulrana	ne_glt_jud_book	ne	glt	jud	
paulrana	ne_glt_luk_book	ne	glt	luk	
paulrana	ne_glt_mat_book	ne	glt	mat	
paulrana	ne_glt_mrk_book	ne	glt	mrk	
paulrana	ne_glt_phm_book	ne	glt	phm	
paulrana	ne_gst_mrk_book	ne	gst	mrk	
paulrana	ne_gst_tit_book	ne	gst	tit	
photonomad0	abb_misa_tit_book	abb	misa	tit	
photonomad0	aig_algn_gal_book	aig	algn	gal	
photonomad0	aig_ultc_gal_book	aig	ultc	gal	
photonomad0	aig_ultz_gal_book	aig	ultz	gal	
photonomad0	el_ult_tit_book	el	ult	tit	
photonomad0	en_abcd_act_book	en	abcd	act	
photonomad0	en_algn_tit_book	en	algn	tit	
photonomad0	en_mine_1ti_book	en	mine	1ti	
photonomad0	en_mine_tit_book	en	mine	tit	
photonomad0	en_tst_jhn_book	en	tst	jhn	
photonomad0	en_tstg_tit_book	en	tstg	tit	
photonomad0	en_tsth_tit_book	en	tsth	tit	
photonomad0	en_ulb_tit_book	en	ulb	tit	
photonomad0	en_ult_1ki_book	en	ult	1ki	
photonomad0	en_ult_1pe_book	en	ult	1pe	
photonomad0	en_ust_gal_book	en	ust	gal	
photonomad0	en_ust_luk_book	en	ust	luk	
photonomad0	en_ust_tit_book	en	ust	tit	
photonomad0	en_zzz_1co_book	en	zzz	1co	
photonomad0	en_zzzz_gal_book	en	zzzz	gal	
photonomad0	es-419_reg_luk_book	es-419	reg	luk	
photonomad0	fr_miss_tit_book	fr	miss	tit	
photonomad0	fr_test_tit_book	fr	test	tit	
photonomad0	fr_ulb_tit_book	fr	ulb	tit	
photonomad0	gu_reg_mrk_book	gu	reg	mrk	
photonomad0	hi_ulb_tit_book	hi	ulb	tit	
photonomad0	my_ulb_1co_book	my	ulb	1co	
photonomad1	en_edit_phm_book	en	edit	phm	
photonomad1	en_prct_tit_book	en	prct	tit	
photonomad1	en_reg_exo_book	en	reg	exo	
photonomad1	en_tst_jhn_book	en	tst	jhn	
photonomad1	en_ult1_rut_book	en	ult1	rut	
photonomad1	en_ult_1ki_book	en	ult	1ki	
photonomad1	en_ult_1ti_book	en	ult	1ti	
photonomad1	en_ult_3jn_book	en	ult	3jn	
photonomad1	en_ult_est_book	en	ult	est	
photonomad1	en_ult_jon_book	en	ult	jon	
photonomad1	en_ult_neh_book	en	ult	neh	
photonomad1	en_ult_rut_book	en	ult	rut	
photonomad1	en_ultx_rut_book	en	ultx	rut	
photonomad1	en_ultz_jon_book	en	ultz	jon	
photonomad1	en_ultz_rut_book	en	ultz	rut	
photonomad1	en_ulzt_jon_book	en	ulzt	jon	
photonomad1	en_ulzz_jon_book	en	ulzz	jon	
photonomad1	en_ust_jon_book	en	ust	jon	
photonomad1	en_wata_mat_book	en	wata	mat	
photonomad1	en_wats_mat_book	en	wats	mat	
photonomad1	en_watz_mat_book	en	watz	mat	
photonomad1	en_zzz_jhn_book	en	zzz	jhn	
photonomad1	en_zzz_mat_book	en	zzz	mat	
photonomad1	fr_test_tit_book	fr	test	tit	
photonomad1	hi_irv_act_book	hi	irv	act	
photonomad1	kn_kglt_2jn_book	kn	kglt	2jn	
photonomad1	kn_kglz_2jn_book	kn	kglz	2jn	
photonomad1	my_ulb_1co_book	my	ulb	1co	
pjoakes	en-x-demo1_udbx_tit_book	en-x-demo1	udbx	tit	
pjoakes	en_udb_1th_book	en	udb	1th	
pjoakes	en_ult_2ti_book	en	ult	2ti	
pjoakes	en_ult_3jn_book	en	ult	3jn	
pjoakes	en_ult_col_book	en	ult	col	
pjoakes	en_ult_eph_book	en	ult	eph	
pjoakes	en_ult_est_book	en	ult	est	
pjoakes	en_ult_ezr_book	en	ult	ezr	
pjoakes	en_ult_jon_book	en	ult	jon	
pjoakes	en_ult_jud_book	en	ult	jud	
pjoakes	en_ult_mrk_book	en	ult	mrk	
pjoakes	en_ult_oba_book	en	ult	oba	
pjoakes	en_ult_rut_book	en	ult	rut	
pjoakes	en_ult_tit_book	en	ult	tit	
pjoakes	en_ust_1jn_book	en	ust	1jn	
pjoakes	en_ust_1ki_book	en	ust	1ki	
pjoakes	en_ust_1ti_book	en	ust	1ti	
pjoakes	en_ust_2jn_book	en	ust	2jn	
pjoakes	en_ust_2ki_book	en	ust	2ki	
pjoakes	en_ust_2sa_book	en	ust	2sa	
pjoakes	en_ust_2ti_book	en	ust	2ti	
pjoakes	en_ust_3jn_book	en	ust	3jn	
pjoakes	en_ust_col_book	en	ust	col	
pjoakes	en_ust_dan_book	en	ust	dan	
pjoakes	en_ust_deu_book	en	ust	deu	
pjoakes	en_ust_eph_book	en	ust	eph	
pjoakes	en_ust_est_book	en	ust	est	
pjoakes	en_ust_exo_book	en	ust	exo	
pjoakes	en_ust_ezr_book	en	ust	ezr	
pjoakes	en_ust_gal_book	en	ust	gal	
pjoakes	en_ust_hab_book	en	ust	hab	
pjoakes	en_ust_hos_book	en	ust	hos	
pjoakes	en_ust_jon_book	en	ust	jon	
pjoakes	en_ust_jos_book	en	ust	jos	
pjoakes	en_ust_jud_book	en	ust	jud	
pjoakes	en_ust_lev_book	en	ust	lev	
pjoakes	en_ust_luk_book	en	ust	luk	
pjoakes	en_ust_mrk_book	en	ust	mrk	
pjoakes	en_ust_neh_book	en	ust	neh	
pjoakes	en_ust_num_book	en	ust	num	
pjoakes	en_ust_oba_book	en	ust	oba	
pjoakes	en_ust_phm_book	en	ust	phm	
pjoakes	en_ust_pro_book	en	ust	pro	
pjoakes	en_ust_psa_book	en	ust	psa	
pjoakes	en_ust_rut_book	en	ust	rut	
pjoakes	en_ust_tit_book	en	ust	tit	
pjoakes	es-419_tpl_3jn_book	es-419	tpl	3jn	
pjoakes	es-419_tps_3jn_book	es-419	tps	3jn	
pjoakes	es-419_ulb_gal_book	es-419	ulb	gal	
pjoakes	ru_ulba_mrk_book	ru	ulba	mrk	
pjoakes	ru_ulbb_mrk_book	ru	ulbb	mrk	
pjoakes	ru_ult_tit_book	ru	ult	tit	
Pradeep_Kaki	en_ust_2ti_book	en	ust	2ti	
Pradeep_Kaki	te_tglt_1ti_book	te	tglt	1ti	
Pradeep_Kaki	te_tglt_2jn_book	te	tglt	2jn	
Pradeep_Kaki	te_tglt_2ti_book	te	tglt	2ti	
Pradeep_Kaki	te_tglt_3jn_book	te	tglt	3jn	
Pradeep_Kaki	te_tglt_eph_book	te	tglt	eph	
Pradeep_Kaki	te_tglt_jas_book	te	tglt	jas	
Pradeep_Kaki	te_tglt_jon_book	te	tglt	jon	
Pradeep_Kaki	te_tglt_rut_book	te	tglt	rut	
Pradeep_Kaki	te_tglt_tit_book	te	tglt	tit	
Pradeep_Kaki	te_tgst_1ti_book	te	tgst	1ti	
Pradeep_Kaki	te_tgst_2jn_book	te	tgst	2jn	
Pradeep_Kaki	te_tgst_2ti_book	te	tgst	2ti	
Pradeep_Kaki	te_tgst_3jn_book	te	tgst	3jn	
Pradeep_Kaki	te_tgst_eph_book	te	tgst	eph	
Pradeep_Kaki	te_tgst_jon_book	te	tgst	jon	
Pradeep_Kaki	te_tgst_rut_book	te	tgst	rut	
Pradeep_Kaki	te_tgst_tit_book	te	tgst	tit	
Pro	ru_lit_1co_book	ru	lit	1co	
Pro	ru_lit_3jn_book	ru	lit	3jn	
Pro	ru_lit_eph_book	ru	lit	eph	
Pro	ru_lit_luk_book	ru	lit	luk	
Pro	ru_lit_rom_book	ru	lit	rom	
Pro	ru_lit_tit_book	ru	lit	tit	
Pro	ru_rbl_act_book	ru	rbl	act	
Pro	ru_rlb_phm_book	ru	rlb	phm	
Pro	ru_rlob_3jn_book	ru	rlob	3jn	
Pro	ru_rob_eph_book	ru	rob	eph	
Pro	ru_rob_phm_book	ru	rob	phm	
Pro	ru_ulb_1co_book	ru	ulb	1co	
Pro	ru_ulb_3jn_book	ru	ulb	3jn	
Pro	ru_ulb_act_book	ru	ulb	act	
Pro	ru_ulb_luk_book	ru	ulb	luk	
Pro	ru_ulb_rom_book	ru	ulb	rom	
Pro	ru_ulb_tit_book	ru	ulb	tit	
prorlandosantos	en-x-demo2_reg_tit_book	en-x-demo2	reg	tit	
qa1	en_ulb_tit_book	en	ulb	tit	
qa1	en_ult_3jn_book	en	ult	3jn	
qa1	en_ult_luk_book	en	ult	luk	
qa11	en_ult_2jn_book	en	ult	2jn	
qa98	en_ult_tit_book	en	ult	tit	
qa99	abu_reg_tit_book	abu	reg	tit	
qa99	ar_nav_tit_book	ar	nav	tit	
qa99	en_aaa_tit_book	en	aaa	tit	
qa99	en_aaaa_tit_book	en	aaaa	tit	
qa99	en_bbbb_tit_book	en	bbbb	tit	
qa99	en_edit_tit_book	en	edit	tit	
qa99	en_five_tit_book	en	five	tit	
qa99	en_full_tit_book	en	full	tit	
qa99	en_locl_gal_book	en	locl	gal	
qa99	en_numb_gal_book	en	numb	gal	
qa99	en_old_gen_book	en	old	gen	
qa99	en_oldg_act_book	en	oldg	act	
qa99	en_onln_gal_book	en	onln	gal	
qa99	en_prc_tit_book	en	prc	tit	
qa99	en_prct_tit_book	en	prct	tit	
qa99	en_rset_gal_book	en	rset	gal	
qa99	en_tess_rut_book	en	tess	rut	
qa99	en_test_act_book	en	test	act	
qa99	en_test_gen_book	en	test	gen	
qa99	en_test_tit_book	en	test	tit	
qa99	en_ulb_gal_book	en	ulb	gal	
qa99	en_ulb_gen_book	en	ulb	gen	
qa99	en_ulb_psa_book	en	ulb	psa	
qa99	en_ult_1pe_book	en	ult	1pe	
qa99	en_ult_1th_book	en	ult	1th	
qa99	en_ult_act_book	en	ult	act	
qa99	en_ult_eph_book	en	ult	eph	
qa99	en_ult_gal_book	en	ult	gal	
qa99	en_ult_rom_book	en	ult	rom	
qa99	en_ult_tit_book	en	ult	tit	
qa99	en_ulta_tit_book	en	ulta	tit	
qa99	en_ultt_rut_book	en	ultt	rut	
qa99	en_uult_rut_book	en	uult	rut	
qa99	en_yyyy_tit_book	en	yyyy	tit	
qa99	es-419_ulb_tit_book	es-419	ulb	tit	
qa99	fr_ulb_tit_book	fr	ulb	tit	
qa99	ru_ulb_jhn_book	ru	ulb	jhn	
raglay_2021	rgs_rlt_1co_book	rgs	rlt	1co	
raglay_2021	rgs_rlt_1jn_book	rgs	rlt	1jn	
raglay_2021	rgs_rlt_1pe_book	rgs	rlt	1pe	
raglay_2021	rgs_rlt_1th_book	rgs	rlt	1th	
raglay_2021	rgs_rlt_1ti_book	rgs	rlt	1ti	
raglay_2021	rgs_rlt_2co_book	rgs	rlt	2co	
raglay_2021	rgs_rlt_2jn_book	rgs	rlt	2jn	
raglay_2021	rgs_rlt_2pe_book	rgs	rlt	2pe	
raglay_2021	rgs_rlt_2th_book	rgs	rlt	2th	
raglay_2021	rgs_rlt_2ti_book	rgs	rlt	2ti	
raglay_2021	rgs_rlt_3jn_book	rgs	rlt	3jn	
raglay_2021	rgs_rlt_act_book	rgs	rlt	act	
raglay_2021	rgs_rlt_col_book	rgs	rlt	col	
raglay_2021	rgs_rlt_eph_book	rgs	rlt	eph	
raglay_2021	rgs_rlt_gal_book	rgs	rlt	gal	
raglay_2021	rgs_rlt_heb_book	rgs	rlt	heb	
raglay_2021	rgs_rlt_jas_book	rgs	rlt	jas	
raglay_2021	rgs_rlt_jhn_book	rgs	rlt	jhn	
raglay_2021	rgs_rlt_jud_book	rgs	rlt	jud	
raglay_2021	rgs_rlt_luk_book	rgs	rlt	luk	
raglay_2021	rgs_rlt_mat_book	rgs	rlt	mat	
raglay_2021	rgs_rlt_mrk_book	rgs	rlt	mrk	
raglay_2021	rgs_rlt_phm_book	rgs	rlt	phm	
raglay_2021	rgs_rlt_php_book	rgs	rlt	php	
raglay_2021	rgs_rlt_rev_book	rgs	rlt	rev	
raglay_2021	rgs_rlt_rom_book	rgs	rlt	rom	
raglay_2021	rgs_rlt_tit_book	rgs	rlt	tit	
Raju_Abraham	bdv_bdv_act_book	bdv	bdv	act	
Raju_Abraham	ory_ado_eph_book	ory	ado	eph	
ramadhikary	ne_ult_act_book	ne	ult	act	
rameshwar_yadav	ne_glt_heb_book	ne	glt	heb	
ramyadav	ne_glt_1pe_book	ne	glt	1pe	
ramyadav	ne_glt_rev_book	ne	glt	rev	
ramyadav	ne_ulb_phm_book	ne	ulb	phm	
ramyadav	ne_ult_1co_book	ne	ult	1co	
ramyadav	ne_ult_1jn_book	ne	ult	1jn	
ramyadav	ne_ult_1th_book	ne	ult	1th	
ramyadav	ne_ult_1ti_book	ne	ult	1ti	
ramyadav	ne_ult_2co_book	ne	ult	2co	
ramyadav	ne_ult_2jn_book	ne	ult	2jn	
ramyadav	ne_ult_2pe_book	ne	ult	2pe	
ramyadav	ne_ult_2th_book	ne	ult	2th	
ramyadav	ne_ult_2ti_book	ne	ult	2ti	
ramyadav	ne_ult_3jn_book	ne	ult	3jn	
ramyadav	ne_ult_act_book	ne	ult	act	
ramyadav	ne_ult_col_book	ne	ult	col	
ramyadav	ne_ult_eph_book	ne	ult	eph	
ramyadav	ne_ult_gal_book	ne	ult	gal	
ramyadav	ne_ult_jas_book	ne	ult	jas	
ramyadav	ne_ult_php_book	ne	ult	php	
ramyadav	ne_ult_rom_book	ne	ult	rom	
ramyadav	ne_ult_tit_book	ne	ult	tit	
rba	en_kjv_mat_book	en	kjv	mat	
Rekha	kn_gst_1jn_book	kn	gst	1jn	
richmahn	aa_reg_mat_book	aa	reg	mat	
richmahn	en_aaa_act_book	en	aaa	act	
richmahn	en_aaa_tit_book	en	aaa	tit	
richmahn	en_aaaa_act_book	en	aaaa	act	
richmahn	en_aaaa_tit_book	en	aaaa	tit	
richmahn	en_aab_tit_book	en	aab	tit	
richmahn	en_abb_act_book	en	abb	act	
richmahn	en_rich_tit_book	en	rich	tit	
richmahn	en_ult_1ti_book	en	ult	1ti	
richmahn	en_ult_act_book	en	ult	act	
richmahn	en_ult_gen_book	en	ult	gen	
richmahn	en_ult_heb_book	en	ult	heb	
richmahn	en_ult_rev_book	en	ult	rev	
richmahn	en_ult_tit_book	en	ult	tit	
richmahn	en_ulta_1sa_book	en	ulta	1sa	
richmahn	en_ulta_act_book	en	ulta	act	
richmahn	en_ulta_tit_book	en	ulta	tit	
richmahn	en_ultb_1sa_book	en	ultb	1sa	
richmahn	en_ultc_act_book	en	ultc	act	
richmahn	fr_ulb_eph_book	fr	ulb	eph	
richmahn	hi_aaa_tit_book	hi	aaa	tit	
richmahn	id_ulb_2pe_book	id	ulb	2pe	
richmahn	ru_rlob_est_book	ru	rlob	est	
richmahn	sw_ulb_job_book	sw	ulb	job	
richmahn	vi_reg_mat_book	vi	reg	mat	
richmahn	vi_ult_tit_book	vi	ult	tit	
richmahn	zh_ulb_tit_book	zh	ulb	tit	
richmahn	zh_ulbb_tit_book	zh	ulbb	tit	
richmahn	zh_ult_tit_book	zh	ult	tit	
richmahntest	en_aaab_tit_book	en	aaab	tit	
richqa	en_ult_2ti_book	en	ult	2ti	
richqa	en_ust_php_book	en	ust	php	
richqa	ior_ulb_2ti_book	ior	ulb	2ti	
richqa	ru_rlob_est_book	ru	rlob	est	
RichTestOrg	en_ult_jos_book	en	ult	jos	
RixonReji0401	en_ust_oba_book	en	ust	oba	
RixonReji0401	hi_hgst_oba_book	hi	hgst	oba	
rm_ol	rml_ling_rut_book	rml	ling	rut	
rob	ru_rob_1ch_book	ru	rob	1ch	
rob	ru_rob_1co_book	ru	rob	1co	
rob	ru_rob_1jn_book	ru	rob	1jn	
rob	ru_rob_1ki_book	ru	rob	1ki	
rob	ru_rob_1pe_book	ru	rob	1pe	
rob	ru_rob_1sa_book	ru	rob	1sa	
rob	ru_rob_1th_book	ru	rob	1th	
rob	ru_rob_1ti_book	ru	rob	1ti	
rob	ru_rob_2ch_book	ru	rob	2ch	
rob	ru_rob_2co_book	ru	rob	2co	
rob	ru_rob_2jn_book	ru	rob	2jn	
rob	ru_rob_2ki_book	ru	rob	2ki	
rob	ru_rob_2pe_book	ru	rob	2pe	
rob	ru_rob_2sa_book	ru	rob	2sa	
rob	ru_rob_2th_book	ru	rob	2th	
rob	ru_rob_2ti_book	ru	rob	2ti	
rob	ru_rob_3jn_book	ru	rob	3jn	
rob	ru_rob_act_book	ru	rob	act	
rob	ru_rob_amo_book	ru	rob	amo	
rob	ru_rob_col_book	ru	rob	col	
rob	ru_rob_dan_book	ru	rob	dan	
rob	ru_rob_deu_book	ru	rob	deu	
rob	ru_rob_ecc_book	ru	rob	ecc	
rob	ru_rob_eph_book	ru	rob	eph	
rob	ru_rob_est_book	ru	rob	est	
rob	ru_rob_exo_book	ru	rob	exo	
rob	ru_rob_ezk_book	ru	rob	ezk	
rob	ru_rob_ezr_book	ru	rob	ezr	
rob	ru_rob_gal_book	ru	rob	gal	
rob	ru_rob_gen_book	ru	rob	gen	
rob	ru_rob_hab_book	ru	rob	hab	
rob	ru_rob_hag_book	ru	rob	hag	
rob	ru_rob_heb_book	ru	rob	heb	
rob	ru_rob_hos_book	ru	rob	hos	
rob	ru_rob_isa_book	ru	rob	isa	
rob	ru_rob_jas_book	ru	rob	jas	
rob	ru_rob_jdg_book	ru	rob	jdg	
rob	ru_rob_jer_book	ru	rob	jer	
rob	ru_rob_jhn_book	ru	rob	jhn	
rob	ru_rob_job_book	ru	rob	job	
rob	ru_rob_jol_book	ru	rob	jol	
rob	ru_rob_jon_book	ru	rob	jon	
rob	ru_rob_jos_book	ru	rob	jos	
rob	ru_rob_jud_book	ru	rob	jud	
rob	ru_rob_lam_book	ru	rob	lam	
rob	ru_rob_lev_book	ru	rob	lev	
rob	ru_rob_luk_book	ru	rob	luk	
rob	ru_rob_mal_book	ru	rob	mal	
rob	ru_rob_mat_book	ru	rob	mat	
rob	ru_rob_mic_book	ru	rob	mic	
rob	ru_rob_mrk_book	ru	rob	mrk	
rob	ru_rob_nam_book	ru	rob	nam	
rob	ru_rob_neh_book	ru	rob	neh	
rob	ru_rob_num_book	ru	rob	num	
rob	ru_rob_oba_book	ru	rob	oba	
rob	ru_rob_phm_book	ru	rob	phm	
rob	ru_rob_php_book	ru	rob	php	
rob	ru_rob_pro_book	ru	rob	pro	
rob	ru_rob_psa_book	ru	rob	psa	
rob	ru_rob_rev_book	ru	rob	rev	
rob	ru_rob_rom_book	ru	rob	rom	
rob	ru_rob_rut_book	ru	rob	rut	
rob	ru_rob_sng_book	ru	rob	sng	
rob	ru_rob_tit_book	ru	rob	tit	
rob	ru_rob_zec_book	ru	rob	zec	
rob	ru_rob_zep_book	ru	rob	zep	
Robert7	hi_hgst_neh_book	hi	hgst	neh	
RobH	en_ult_rev_book	en	ult	rev	
RobH	en_ust_1jn_book	en	ust	1jn	
RobH	en_ust_1sa_book	en	ust	1sa	
RobH	en_ust_ecc_book	en	ust	ecc	
RobH	en_ust_jdg_book	en	ust	jdg	
RobH	en_ust_jhn_book	en	ust	jhn	
RobH	en_ust_mrk_book	en	ust	mrk	
RobH	ru_ustx_mat_book	ru	ustx	mat	
romastandarddemo	rmy-x-vg_ulb_mat_book	rmy-x-vg	ulb	mat	
royalsix	atg_reg_tit_book	atg	reg	tit	
royalsix	en_abc_1pe_book	en	abc	1pe	
royalsix	en_adja_tit_book	en	adja	tit	
royalsix	en_ajdl_tit_book	en	ajdl	tit	
royalsix	en_hih_tit_book	en	hih	tit	
royalsix	en_hil_tit_book	en	hil	tit	
royalsix	en_jay_2ti_book	en	jay	2ti	
royalsix	en_jay_phm_book	en	jay	phm	
royalsix	en_mcb_tit_book	en	mcb	tit	
royalsix	en_mct_tit_book	en	mct	tit	
royalsix	en_mcx_tit_book	en	mcx	tit	
royalsix	en_mcz_tit_book	en	mcz	tit	
royalsix	en_one_tit_book	en	one	tit	
royalsix	en_ppaa_tit_book	en	ppaa	tit	
royalsix	en_reg_gal_book	en	reg	gal	
royalsix	en_test_phm_book	en	test	phm	
royalsix	en_ult_rev_book	en	ult	rev	
royalsix	en_ult_tit_book	en	ult	tit	
royalsix	hi_ult_phm_book	hi	ult	phm	
royalsix	ru_rob_phm_book	ru	rob	phm	
RoyalSix1	en_hid_tit_book	en	hid	tit	
ru_gl	ru_rob_1ti_book	ru	rob	1ti	
russp41	gu_irv_3jn_book	gu	irv	3jn	
russp41	gu_irvb_3jn_book	gu	irvb	3jn	
russp41	hi_iev_tit_book	hi	iev	tit	
russp41	hi_irv_jas_book	hi	irv	jas	
russp41	hi_irv_tit_book	hi	irv	tit	
russp41	id_ulb_tit_book	id	ulb	tit	
russp41	kn-x-handijog_olb_tit_book	kn-x-handijog	olb	tit	
russp41	kn_irv_tit_book	kn	irv	tit	
russp41	kn_irvc_tit_book	kn	irvc	tit	
russp41	ne_glt_heb_book	ne	glt	heb	
russp41	ne_ult_col_book	ne	ult	col	
sachin_nerlekar	mr_mglt_luk_book	mr	mglt	luk	
Samuel_Kim	en_ulb_3jn_book	en	ulb	3jn	
Samuel_Kim	rml_ling_3jn_book	rml	ling	3jn	
Samuel_Kim	rml_ling_rut_book	rml	ling	rut	
Samuel_Kim	rml_ling_tit_book	rml	ling	tit	
Samuel_Kim	uk_ulb_3jn_book	uk	ulb	3jn	
sasabakic	rmy-x-vwa_reg_act_book	rmy-x-vwa	reg	act	
Savchak	ru_ulb_mrk_book	ru	ulb	mrk	
scottpbayer	en_ult_mic_book	en	ult	mic	
Serginjo	hr_ulbh_jhn_book	hr	ulbh	jhn	
Shiju_Mammen	hi_hglt_1jn_book	hi	hglt	1jn	
shojojohn	as_irv_mat_book	as	irv	mat	
shojojohn	as_irv_mrk_book	as	irv	mrk	
shojojohn	as_irv_rev_book	as	irv	rev	
shojojohn	bn_irv_1co_book	bn	irv	1co	
shojojohn	bn_irv_1pe_book	bn	irv	1pe	
shojojohn	bn_irv_1th_book	bn	irv	1th	
shojojohn	bn_irv_1ti_book	bn	irv	1ti	
shojojohn	bn_irv_2co_book	bn	irv	2co	
shojojohn	bn_irv_2jn_book	bn	irv	2jn	
shojojohn	bn_irv_2th_book	bn	irv	2th	
shojojohn	bn_irv_3jn_book	bn	irv	3jn	
shojojohn	bn_irv_act_book	bn	irv	act	
shojojohn	bn_irv_col_book	bn	irv	col	
shojojohn	bn_irv_eph_book	bn	irv	eph	
shojojohn	bn_irv_gal_book	bn	irv	gal	
shojojohn	bn_irv_jhn_book	bn	irv	jhn	
shojojohn	bn_irv_jud_book	bn	irv	jud	
shojojohn	bn_irv_luk_book	bn	irv	luk	
shojojohn	bn_irv_mat_book	bn	irv	mat	
shojojohn	bn_irv_mrk_book	bn	irv	mrk	
shojojohn	bn_irv_php_book	bn	irv	php	
shojojohn	gu_gglt_3jn_book	gu	gglt	3jn	
shojojohn	gu_gglt_jas_book	gu	gglt	jas	
shojojohn	gu_gglt_tit_book	gu	gglt	tit	
shojojohn	gu_ggst_3jn_book	gu	ggst	3jn	
shojojohn	gu_ggst_tit_book	gu	ggst	tit	
shojojohn	gu_irv_1co_book	gu	irv	1co	
shojojohn	gu_irv_1jn_book	gu	irv	1jn	
shojojohn	gu_irv_1th_book	gu	irv	1th	
shojojohn	gu_irv_2co_book	gu	irv	2co	
shojojohn	gu_irv_2pe_book	gu	irv	2pe	
shojojohn	gu_irv_2th_book	gu	irv	2th	
shojojohn	gu_irv_3jn_book	gu	irv	3jn	
shojojohn	gu_irv_act_book	gu	irv	act	
shojojohn	gu_irv_col_book	gu	irv	col	
shojojohn	gu_irv_eph_book	gu	irv	eph	
shojojohn	gu_irv_gal_book	gu	irv	gal	
shojojohn	gu_irv_heb_book	gu	irv	heb	
shojojohn	gu_irv_jhn_book	gu	irv	jhn	
shojojohn	gu_irv_luk_book	gu	irv	luk	
shojojohn	gu_irv_mat_book	gu	irv	mat	
shojojohn	gu_irv_mrk_book	gu	irv	mrk	
shojojohn	gu_irv_php_book	gu	irv	php	
shojojohn	gu_irv_rev_book	gu	irv	rev	
shojojohn	gu_irv_rom_book	gu	irv	rom	
shojojohn	gu_irv_tit_book	gu	irv	tit	
shojojohn	hi_hglt_3jn_book	hi	hglt	3jn	
shojojohn	hi_iev_1jn_book	hi	iev	1jn	
shojojohn	hi_iev_1pe_book	hi	iev	1pe	
shojojohn	hi_iev_1ti_book	hi	iev	1ti	
shojojohn	hi_iev_2ki_book	hi	iev	2ki	
shojojohn	hi_iev_2pe_book	hi	iev	2pe	
shojojohn	hi_iev_2th_book	hi	iev	2th	
shojojohn	hi_iev_2ti_book	hi	iev	2ti	
shojojohn	hi_iev_col_book	hi	iev	col	
shojojohn	hi_iev_exo_book	hi	iev	exo	
shojojohn	hi_iev_ezk_book	hi	iev	ezk	
shojojohn	hi_iev_gen_book	hi	iev	gen	
shojojohn	hi_iev_isa_book	hi	iev	isa	
shojojohn	hi_iev_jas_book	hi	iev	jas	
shojojohn	hi_iev_jer_book	hi	iev	jer	
shojojohn	hi_iev_jhn_book	hi	iev	jhn	
shojojohn	hi_iev_job_book	hi	iev	job	
shojojohn	hi_iev_jon_book	hi	iev	jon	
shojojohn	hi_iev_jos_book	hi	iev	jos	
shojojohn	hi_iev_jud_book	hi	iev	jud	
shojojohn	hi_iev_luk_book	hi	iev	luk	
shojojohn	hi_iev_mat_book	hi	iev	mat	
shojojohn	hi_iev_mrk_book	hi	iev	mrk	
shojojohn	hi_iev_num_book	hi	iev	num	
shojojohn	hi_iev_phm_book	hi	iev	phm	
shojojohn	hi_iev_pro_book	hi	iev	pro	
shojojohn	hi_iev_rut_book	hi	iev	rut	
shojojohn	hi_iev_tit_book	hi	iev	tit	
shojojohn	hi_irv_1ch_book	hi	irv	1ch	
shojojohn	hi_irv_1co_book	hi	irv	1co	
shojojohn	hi_irv_1jn_book	hi	irv	1jn	
shojojohn	hi_irv_1ki_book	hi	irv	1ki	
shojojohn	hi_irv_1pe_book	hi	irv	1pe	
shojojohn	hi_irv_1th_book	hi	irv	1th	
shojojohn	hi_irv_1ti_book	hi	irv	1ti	
shojojohn	hi_irv_2ch_book	hi	irv	2ch	
shojojohn	hi_irv_2co_book	hi	irv	2co	
shojojohn	hi_irv_2jn_book	hi	irv	2jn	
shojojohn	hi_irv_2ki_book	hi	irv	2ki	
shojojohn	hi_irv_2pe_book	hi	irv	2pe	
shojojohn	hi_irv_2sa_book	hi	irv	2sa	
shojojohn	hi_irv_2th_book	hi	irv	2th	
shojojohn	hi_irv_2ti_book	hi	irv	2ti	
shojojohn	hi_irv_3jn_book	hi	irv	3jn	
shojojohn	hi_irv_act_book	hi	irv	act	
shojojohn	hi_irv_col_book	hi	irv	col	
shojojohn	hi_irv_dan_book	hi	irv	dan	
shojojohn	hi_irv_deu_book	hi	irv	deu	
shojojohn	hi_irv_eph_book	hi	irv	eph	
shojojohn	hi_irv_exo_book	hi	irv	exo	
shojojohn	hi_irv_ezk_book	hi	irv	ezk	
shojojohn	hi_irv_gal_book	hi	irv	gal	
shojojohn	hi_irv_gen_book	hi	irv	gen	
shojojohn	hi_irv_hab_book	hi	irv	hab	
shojojohn	hi_irv_hag_book	hi	irv	hag	
shojojohn	hi_irv_heb_book	hi	irv	heb	
shojojohn	hi_irv_hos_book	hi	irv	hos	
shojojohn	hi_irv_isa_book	hi	irv	isa	
shojojohn	hi_irv_jas_book	hi	irv	jas	
shojojohn	hi_irv_jdg_book	hi	irv	jdg	
shojojohn	hi_irv_jer_book	hi	irv	jer	
shojojohn	hi_irv_jhn_book	hi	irv	jhn	
shojojohn	hi_irv_job_book	hi	irv	job	
shojojohn	hi_irv_jol_book	hi	irv	jol	
shojojohn	hi_irv_jon_book	hi	irv	jon	
shojojohn	hi_irv_jos_book	hi	irv	jos	
shojojohn	hi_irv_jud_book	hi	irv	jud	
shojojohn	hi_irv_lev_book	hi	irv	lev	
shojojohn	hi_irv_luk_book	hi	irv	luk	
shojojohn	hi_irv_mal_book	hi	irv	mal	
shojojohn	hi_irv_mat_book	hi	irv	mat	
shojojohn	hi_irv_mic_book	hi	irv	mic	
shojojohn	hi_irv_mrk_book	hi	irv	mrk	
shojojohn	hi_irv_nam_book	hi	irv	nam	
shojojohn	hi_irv_num_book	hi	irv	num	
shojojohn	hi_irv_oba_book	hi	irv	oba	
shojojohn	hi_irv_phm_book	hi	irv	phm	
shojojohn	hi_irv_php_book	hi	irv	php	
shojojohn	hi_irv_pro_book	hi	irv	pro	
shojojohn	hi_irv_psa_book	hi	irv	psa	
shojojohn	hi_irv_rev_book	hi	irv	rev	
shojojohn	hi_irv_rom_book	hi	irv	rom	
shojojohn	hi_irv_rut_book	hi	irv	rut	
shojojohn	hi_irv_tit_book	hi	irv	tit	
shojojohn	hi_irv_zep_book	hi	irv	zep	
shojojohn	hi_test_3jn_book	hi	test	3jn	
shojojohn	kn_iev_mrk_book	kn	iev	mrk	
shojojohn	kn_iev_tit_book	kn	iev	tit	
shojojohn	kn_irv_1co_book	kn	irv	1co	
shojojohn	kn_irv_1ti_book	kn	irv	1ti	
shojojohn	kn_irv_2co_book	kn	irv	2co	
shojojohn	kn_irv_eph_book	kn	irv	eph	
shojojohn	kn_irv_tit_book	kn	irv	tit	
shojojohn	ml_irv_1pe_book	ml	irv	1pe	
shojojohn	ml_irv_1th_book	ml	irv	1th	
shojojohn	ml_irv_2co_book	ml	irv	2co	
shojojohn	ml_irv_2jn_book	ml	irv	2jn	
shojojohn	ml_irv_3jn_book	ml	irv	3jn	
shojojohn	ml_irv_gal_book	ml	irv	gal	
shojojohn	ml_irv_tit_book	ml	irv	tit	
shojojohn	mr_irv_1co_book	mr	irv	1co	
shojojohn	mr_irv_1jn_book	mr	irv	1jn	
shojojohn	mr_irv_1pe_book	mr	irv	1pe	
shojojohn	mr_irv_1th_book	mr	irv	1th	
shojojohn	mr_irv_1ti_book	mr	irv	1ti	
shojojohn	mr_irv_2co_book	mr	irv	2co	
shojojohn	mr_irv_2jn_book	mr	irv	2jn	
shojojohn	mr_irv_2th_book	mr	irv	2th	
shojojohn	mr_irv_3jn_book	mr	irv	3jn	
shojojohn	mr_irv_act_book	mr	irv	act	
shojojohn	mr_irv_eph_book	mr	irv	eph	
shojojohn	mr_irv_gal_book	mr	irv	gal	
shojojohn	mr_irv_heb_book	mr	irv	heb	
shojojohn	mr_irv_jas_book	mr	irv	jas	
shojojohn	mr_irv_jhn_book	mr	irv	jhn	
shojojohn	mr_irv_jud_book	mr	irv	jud	
shojojohn	mr_irv_luk_book	mr	irv	luk	
shojojohn	mr_irv_mat_book	mr	irv	mat	
shojojohn	mr_irv_mrk_book	mr	irv	mrk	
shojojohn	mr_irv_phm_book	mr	irv	phm	
shojojohn	mr_irv_php_book	mr	irv	php	
shojojohn	mr_irv_rev_book	mr	irv	rev	
shojojohn	mr_irv_rom_book	mr	irv	rom	
shojojohn	mr_irv_tit_book	mr	irv	tit	
shojojohn	mr_mgl_eph_book	mr	mgl	eph	
shojojohn	nag_irv_1ti_book	nag	irv	1ti	
shojojohn	nag_irv_2ti_book	nag	irv	2ti	
shojojohn	or_oglt_jon_book	or	oglt	jon	
shojojohn	ory_irv_3jn_book	ory	irv	3jn	
shojojohn	ory_irv_tit_book	ory	irv	tit	
shojojohn	ory_oglt_jon_book	ory	oglt	jon	
shojojohn	ory_ogst_eph_book	ory	ogst	eph	
shojojohn	pa_irv_1jn_book	pa	irv	1jn	
shojojohn	pa_irv_1pe_book	pa	irv	1pe	
shojojohn	pa_irv_1th_book	pa	irv	1th	
shojojohn	pa_irv_1ti_book	pa	irv	1ti	
shojojohn	pa_irv_2co_book	pa	irv	2co	
shojojohn	pa_irv_2jn_book	pa	irv	2jn	
shojojohn	pa_irv_2pe_book	pa	irv	2pe	
shojojohn	pa_irv_2th_book	pa	irv	2th	
shojojohn	pa_irv_2ti_book	pa	irv	2ti	
shojojohn	pa_irv_3jn_book	pa	irv	3jn	
shojojohn	pa_irv_act_book	pa	irv	act	
shojojohn	pa_irv_col_book	pa	irv	col	
shojojohn	pa_irv_eph_book	pa	irv	eph	
shojojohn	pa_irv_gal_book	pa	irv	gal	
shojojohn	pa_irv_heb_book	pa	irv	heb	
shojojohn	pa_irv_jas_book	pa	irv	jas	
shojojohn	pa_irv_jhn_book	pa	irv	jhn	
shojojohn	pa_irv_jud_book	pa	irv	jud	
shojojohn	pa_irv_luk_book	pa	irv	luk	
shojojohn	pa_irv_mat_book	pa	irv	mat	
shojojohn	pa_irv_mrk_book	pa	irv	mrk	
shojojohn	pa_irv_php_book	pa	irv	php	
shojojohn	pa_irv_rev_book	pa	irv	rev	
shojojohn	pa_irv_rom_book	pa	irv	rom	
shojojohn	pa_irv_tit_book	pa	irv	tit	
shojojohn	ta_irv_1co_book	ta	irv	1co	
shojojohn	ta_irv_1pe_book	ta	irv	1pe	
shojojohn	ta_irv_1th_book	ta	irv	1th	
shojojohn	ta_irv_1ti_book	ta	irv	1ti	
shojojohn	ta_irv_act_book	ta	irv	act	
shojojohn	ta_irv_heb_book	ta	irv	heb	
shojojohn	ta_irv_jhn_book	ta	irv	jhn	
shojojohn	ta_irv_jud_book	ta	irv	jud	
shojojohn	ta_irv_luk_book	ta	irv	luk	
shojojohn	ta_irv_mat_book	ta	irv	mat	
shojojohn	ta_irv_mrk_book	ta	irv	mrk	
shojojohn	ta_irv_rev_book	ta	irv	rev	
shojojohn	ta_irv_rom_book	ta	irv	rom	
shojojohn	te_irv_2jn_book	te	irv	2jn	
shojojohn	te_irv_3jn_book	te	irv	3jn	
shojojohn	te_irv_jud_book	te	irv	jud	
shojojohn	te_irv_phm_book	te	irv	phm	
shojojohn	te_irv_tit_book	te	irv	tit	
shojojohn	ur_irv_rom_book	ur	irv	rom	
shojojohn	yeu_yent_2jn_book	yeu	yent	2jn	
Shyam	kfx-x-outerser_osj_tit_book	kfx-x-outerser	osj	tit	
Shyam_G	or_oglt_jas_book	or	oglt	jas	
Shyam_G	ory_oglt_1jn_book	ory	oglt	1jn	
Sibaji.Digal	hi_tppp_jos_book	hi	tppp	jos	
Sibaji.Digal	or_oglt_3jn_book	or	oglt	3jn	
Sibaji.Digal	or_oglt_tit_book	or	oglt	tit	
Sibaji.Digal	or_ogst_3jn_book	or	ogst	3jn	
Sibaji.Digal	or_ogst_tit_book	or	ogst	tit	
stephenwunrow	en_ust_col_book	en	ust	col	
Sujata.Patti.	kn_glt_1jn_book	kn	glt	1jn	
sunilkasbe	en_ust_jas_book	en	ust	jas	
sunilkasbe	mr_mgl_eph_book	mr	mgl	eph	
sunilkasbe	mr_mglt_1jn_book	mr	mglt	1jn	
sunilkasbe	mr_mglt_1ti_book	mr	mglt	1ti	
sunilkasbe	mr_mglt_2jn_book	mr	mglt	2jn	
sunilkasbe	mr_mglt_2ti_book	mr	mglt	2ti	
sunilkasbe	mr_mglt_3jn_book	mr	mglt	3jn	
sunilkasbe	mr_mglt_eph_book	mr	mglt	eph	
sunilkasbe	mr_mglt_jon_book	mr	mglt	jon	
sunilkasbe	mr_mglt_luk_book	mr	mglt	luk	
sunilkasbe	mr_mglt_rut_book	mr	mglt	rut	
sunilkasbe	mr_mglt_tit_book	mr	mglt	tit	
sunilkasbe	mr_mgst_1jn_book	mr	mgst	1jn	
sunilkasbe	mr_mgst_1ti_book	mr	mgst	1ti	
sunilkasbe	mr_mgst_2jn_book	mr	mgst	2jn	
sunilkasbe	mr_mgst_2ti_book	mr	mgst	2ti	
sunilkasbe	mr_mgst_3jn_book	mr	mgst	3jn	
sunilkasbe	mr_mgst_jas_book	mr	mgst	jas	
sunilkasbe	mr_mgst_jon_book	mr	mgst	jon	
sunilkasbe	mr_mgst_rut_book	mr	mgst	rut	
sunilkasbe	mr_mgst_tit_book	mr	mgst	tit	
SuzannaSmith	en_ult_1sa_book	en	ult	1sa	
t_rin_04_2021	kpm_tdt_act_book	kpm	tdt	act	
t_rin_04_2021	kpm_trlt_1co_book	kpm	trlt	1co	
t_rin_04_2021	kpm_trlt_1jn_book	kpm	trlt	1jn	
t_rin_04_2021	kpm_trlt_1pe_book	kpm	trlt	1pe	
t_rin_04_2021	kpm_trlt_1th_book	kpm	trlt	1th	
t_rin_04_2021	kpm_trlt_1ti_book	kpm	trlt	1ti	
t_rin_04_2021	kpm_trlt_2co_book	kpm	trlt	2co	
t_rin_04_2021	kpm_trlt_2jn_book	kpm	trlt	2jn	
t_rin_04_2021	kpm_trlt_2pe_book	kpm	trlt	2pe	
t_rin_04_2021	kpm_trlt_2th_book	kpm	trlt	2th	
t_rin_04_2021	kpm_trlt_2ti_book	kpm	trlt	2ti	
t_rin_04_2021	kpm_trlt_3jn_book	kpm	trlt	3jn	
t_rin_04_2021	kpm_trlt_act_book	kpm	trlt	act	
t_rin_04_2021	kpm_trlt_col_book	kpm	trlt	col	
t_rin_04_2021	kpm_trlt_eph_book	kpm	trlt	eph	
t_rin_04_2021	kpm_trlt_gal_book	kpm	trlt	gal	
t_rin_04_2021	kpm_trlt_heb_book	kpm	trlt	heb	
t_rin_04_2021	kpm_trlt_jas_book	kpm	trlt	jas	
t_rin_04_2021	kpm_trlt_jhn_book	kpm	trlt	jhn	
t_rin_04_2021	kpm_trlt_jud_book	kpm	trlt	jud	
t_rin_04_2021	kpm_trlt_luk_book	kpm	trlt	luk	
t_rin_04_2021	kpm_trlt_mat_book	kpm	trlt	mat	
t_rin_04_2021	kpm_trlt_mrk_book	kpm	trlt	mrk	
t_rin_04_2021	kpm_trlt_phm_book	kpm	trlt	phm	
t_rin_04_2021	kpm_trlt_php_book	kpm	trlt	php	
t_rin_04_2021	kpm_trlt_rev_book	kpm	trlt	rev	
t_rin_04_2021	kpm_trlt_rom_book	kpm	trlt	rom	
t_rin_04_2021	kpm_trlt_tit_book	kpm	trlt	tit	
TANUJA.G	en_glt_luk_book	en	glt	luk	
TANUJA.G	kn_glt_luk_book	kn	glt	luk	
tc0.10.1	en_done_mrk_book	en	done	mrk	
tc0.10.1	en_dten_mrk_book	en	dten	mrk	
tc0.10.1	en_dten_tit_book	en	dten	tit	
tc0.10.1	en_ult_mat_book	en	ult	mat	
tc0.10.1	en_ult_mrk_book	en	ult	mrk	
tc0.10.1	en_ult_tit_book	en	ult	tit	
tc0.10.1	fr_dten_tit_book	fr	dten	tit	
tc0.10.1	fr_ulb_tit_book	fr	ulb	tit	
tc0.8.1	en_abc_tit_book	en	abc	tit	
tc0.8.1	en_eig_tit_book	en	eig	tit	
tc0.8.1	en_eigh_tit_book	en	eigh	tit	
tc0.8.1	en_test_tit_book	en	test	tit	
tc0.8.1	en_uuu_php_book	en	uuu	php	
tc0.8.1	en_zzz_tit_book	en	zzz	tit	
tc0.8.1	es-419_abc_tit_book	es-419	abc	tit	
tc0.8.1	es-419_abcd_tit_book	es-419	abcd	tit	
tc0.8.1	es-419_eigh_tit_book	es-419	eigh	tit	
tc0.8.1	zza_zzz_tit_book	zza	zzz	tit	
tc0.8.1	zza_zzzz_tit_book	zza	zzzz	tit	
tc01	abu_ult_tit_book	abu	ult	tit	
tc01	aig_algn_gal_book	aig	algn	gal	
tc01	am_reg_1co_book	am	reg	1co	
tc01	ar_navc_tit_book	ar	navc	tit	
tc01	ar_navd_tit_book	ar	navd	tit	
tc01	ar_ulb_mat_book	ar	ulb	mat	
tc01	ar_vdb_tit_book	ar	vdb	tit	
tc01	en_aaa_tit_book	en	aaa	tit	
tc01	en_abcd_tit_book	en	abcd	tit	
tc01	en_alck_tit_book	en	alck	tit	
tc01	en_algn_eph_book	en	algn	eph	
tc01	en_algn_tit_book	en	algn	tit	
tc01	en_all_tit_book	en	all	tit	
tc01	en_allb_tit_book	en	allb	tit	
tc01	en_bbbb_tit_book	en	bbbb	tit	
tc01	en_cct_tit_book	en	cct	tit	
tc01	en_clt_tit_book	en	clt	tit	
tc01	en_dddd_tit_book	en	dddd	tit	
tc01	en_dddx_tit_book	en	dddx	tit	
tc01	en_dual_act_book	en	dual	act	
tc01	en_edit_1co_book	en	edit	1co	
tc01	en_edit_mat_book	en	edit	mat	
tc01	en_edit_phm_book	en	edit	phm	
tc01	en_eeee_tit_book	en	eeee	tit	
tc01	en_fff_tit_book	en	fff	tit	
tc01	en_ffff_tit_book	en	ffff	tit	
tc01	en_full_tit_book	en	full	tit	
tc01	en_gggg_tit_book	en	gggg	tit	
tc01	en_lary_tit_book	en	lary	tit	
tc01	en_logn_tit_book	en	logn	tit	
tc01	en_mine_mat_book	en	mine	mat	
tc01	en_mstr_gal_book	en	mstr	gal	
tc01	en_new_1pe_book	en	new	1pe	
tc01	en_new_heb_book	en	new	heb	
tc01	en_new_phm_book	en	new	phm	
tc01	en_newl_rev_book	en	newl	rev	
tc01	en_news_php_book	en	news	php	
tc01	en_numb_gal_book	en	numb	gal	
tc01	en_nums_gal_book	en	nums	gal	
tc01	en_old_tit_book	en	old	tit	
tc01	en_oldg_act_book	en	oldg	act	
tc01	en_one_rut_book	en	one	rut	
tc01	en_oneo_act_book	en	oneo	act	
tc01	en_onex_1pe_book	en	onex	1pe	
tc01	en_prct_tit_book	en	prct	tit	
tc01	en_reg_1th_book	en	reg	1th	
tc01	en_sava_tit_book	en	sava	tit	
tc01	en_save_1pe_book	en	save	1pe	
tc01	en_save_eph_book	en	save	eph	
tc01	en_save_tit_book	en	save	tit	
tc01	en_savx_1pe_book	en	savx	1pe	
tc01	en_tess_tit_book	en	tess	tit	
tc01	en_test_1ti_book	en	test	1ti	
tc01	en_test_jud_book	en	test	jud	
tc01	en_test_phm_book	en	test	phm	
tc01	en_test_rom_book	en	test	rom	
tc01	en_test_tit_book	en	test	tit	
tc01	en_thr_rut_book	en	thr	rut	
tc01	en_time_mat_book	en	time	mat	
tc01	en_trst_2jn_book	en	trst	2jn	
tc01	en_tst_tit_book	en	tst	tit	
tc01	en_tsta_phm_book	en	tsta	phm	
tc01	en_two_rut_book	en	two	rut	
tc01	en_ugh_tit_book	en	ugh	tit	
tc01	en_ughx_tit_book	en	ughx	tit	
tc01	en_ulb_mat_book	en	ulb	mat	
tc01	en_ulb_tit_book	en	ulb	tit	
tc01	en_ulba_tit_book	en	ulba	tit	
tc01	en_ulbx_tit_book	en	ulbx	tit	
tc01	en_ult_1pe_book	en	ult	1pe	
tc01	en_ult_1ti_book	en	ult	1ti	
tc01	en_ult_2jn_book	en	ult	2jn	
tc01	en_ult_2ti_book	en	ult	2ti	
tc01	en_ult_3jn_book	en	ult	3jn	
tc01	en_ult_act_book	en	ult	act	
tc01	en_ult_eph_book	en	ult	eph	
tc01	en_ult_jon_book	en	ult	jon	
tc01	en_ult_php_book	en	ult	php	
tc01	en_ult_rev_book	en	ult	rev	
tc01	en_ult_rom_book	en	ult	rom	
tc01	en_ult_rut_book	en	ult	rut	
tc01	en_ult_tit_book	en	ult	tit	
tc01	en_ulta_act_book	en	ulta	act	
tc01	en_ults_1pe_book	en	ults	1pe	
tc01	en_ultt_1pe_book	en	ultt	1pe	
tc01	en_ultt_act_book	en	ultt	act	
tc01	en_ultt_mat_book	en	ultt	mat	
tc01	en_ultt_rev_book	en	ultt	rev	
tc01	en_ultt_tit_book	en	ultt	tit	
tc01	en_ultx_eph_book	en	ultx	eph	
tc01	en_ultz_1pe_book	en	ultz	1pe	
tc01	en_ultz_tit_book	en	ultz	tit	
tc01	en_usfm_amo_book	en	usfm	amo	
tc01	en_usfm_mat_book	en	usfm	mat	
tc01	en_usmm_mat_book	en	usmm	mat	
tc01	en_ust_est_book	en	ust	est	
tc01	en_ust_rut_book	en	ust	rut	
tc01	en_ust_tit_book	en	ust	tit	
tc01	en_ustt_est_book	en	ustt	est	
tc01	en_utt_tit_book	en	utt	tit	
tc01	en_utte_tit_book	en	utte	tit	
tc01	en_uttg_tit_book	en	uttg	tit	
tc01	en_uuu_1ti_book	en	uuu	1ti	
tc01	en_uuu_act_book	en	uuu	act	
tc01	en_uuu_tit_book	en	uuu	tit	
tc01	es-419_eigg_tit_book	es-419	eigg	tit	
tc01	es-419_eigt_tit_book	es-419	eigt	tit	
tc01	es-419_reg_tit_book	es-419	reg	tit	
tc01	es-419_ulb_eph_book	es-419	ulb	eph	
tc01	es-419_ulb_tit_book	es-419	ulb	tit	
tc01	es-419_ulbb_tit_book	es-419	ulbb	tit	
tc01	fr_reg_eph_book	fr	reg	eph	
tc01	fr_regg_eph_book	fr	regg	eph	
tc01	fr_ulb_tit_book	fr	ulb	tit	
tc01	fr_ulbb_tit_book	fr	ulbb	tit	
tc01	hi_here_tit_book	hi	here	tit	
tc01	hi_irv_act_book	hi	irv	act	
tc01	hi_irv_luk_book	hi	irv	luk	
tc01	hi_irvt_act_book	hi	irvt	act	
tc01	hi_test_act_book	hi	test	act	
tc01	hi_test_luk_book	hi	test	luk	
tc01	hi_ttwo_act_book	hi	ttwo	act	
tc01	hi_ult_tit_book	hi	ult	tit	
tc01	sw_ulb_tit_book	sw	ulb	tit	
tc01	vi_ulb_tit_book	vi	ulb	tit	
tc01	zza_reg_eph_book	zza	reg	eph	
tc02	am_ulb_1co_book	am	ulb	1co	
tc02	ar_nav_3jn_book	ar	nav	3jn	
tc02	en-x-demo1_reg_php_book	en-x-demo1	reg	php	
tc02	en_aaa_tit_book	en	aaa	tit	
tc02	en_aaaa_tit_book	en	aaaa	tit	
tc02	en_abcd_tit_book	en	abcd	tit	
tc02	en_bbb_tit_book	en	bbb	tit	
tc02	en_dddd_tit_book	en	dddd	tit	
tc02	en_drft_2ti_book	en	drft	2ti	
tc02	en_eddt_tit_book	en	eddt	tit	
tc02	en_edit_tit_book	en	edit	tit	
tc02	en_edtt_tit_book	en	edtt	tit	
tc02	en_gggg_tit_book	en	gggg	tit	
tc02	en_git_act_book	en	git	act	
tc02	en_hhhh_tit_book	en	hhhh	tit	
tc02	en_iiii_tit_book	en	iiii	tit	
tc02	en_jjjj_tit_book	en	jjjj	tit	
tc02	en_kkkk_tit_book	en	kkkk	tit	
tc02	en_new_act_book	en	new	act	
tc02	en_newa_act_book	en	newa	act	
tc02	en_nnn_act_book	en	nnn	act	
tc02	en_nnnn_act_book	en	nnnn	act	
tc02	en_nnnn_tit_book	en	nnnn	tit	
tc02	en_old_rut_book	en	old	rut	
tc02	en_over_tit_book	en	over	tit	
tc02	en_ovwr_tit_book	en	ovwr	tit	
tc02	en_prct_tit_book	en	prct	tit	
tc02	en_test_rev_book	en	test	rev	
tc02	en_test_tit_book	en	test	tit	
tc02	en_time_act_book	en	time	act	
tc02	en_time_mat_book	en	time	mat	
tc02	en_tryi_tit_book	en	tryi	tit	
tc02	en_ulb_tit_book	en	ulb	tit	
tc02	en_ult_1pe_book	en	ult	1pe	
tc02	en_ult_1ti_book	en	ult	1ti	
tc02	en_ult_2jn_book	en	ult	2jn	
tc02	en_ult_2ti_book	en	ult	2ti	
tc02	en_ult_act_book	en	ult	act	
tc02	en_ult_amo_book	en	ult	amo	
tc02	en_ult_eph_book	en	ult	eph	
tc02	en_ult_gal_book	en	ult	gal	
tc02	en_ult_mat_book	en	ult	mat	
tc02	en_ult_mrk_book	en	ult	mrk	
tc02	en_ult_rut_book	en	ult	rut	
tc02	en_ult_tit_book	en	ult	tit	
tc02	en_ultd_rev_book	en	ultd	rev	
tc02	en_ultk_tit_book	en	ultk	tit	
tc02	en_ultl_tit_book	en	ultl	tit	
tc02	en_ultm_tit_book	en	ultm	tit	
tc02	en_ultn_tit_book	en	ultn	tit	
tc02	en_ulto_tit_book	en	ulto	tit	
tc02	en_ultp_tit_book	en	ultp	tit	
tc02	en_ultq_tit_book	en	ultq	tit	
tc02	en_ults_tit_book	en	ults	tit	
tc02	en_ultt_act_book	en	ultt	act	
tc02	en_ultu_rev_book	en	ultu	rev	
tc02	en_ultw_rev_book	en	ultw	rev	
tc02	en_ultx_rev_book	en	ultx	rev	
tc02	en_usfm_amo_book	en	usfm	amo	
tc02	en_ust_act_book	en	ust	act	
tc02	en_uult_act_book	en	uult	act	
tc02	en_xyz_tit_book	en	xyz	tit	
tc02	en_zyx_tit_book	en	zyx	tit	
tc02	es-419_ulb_tit_book	es-419	ulb	tit	
tc02	es_fail_tit_book	es	fail	tit	
tc02	es_rail_tit_book	es	rail	tit	
tc02	fr_ulb_tit_book	fr	ulb	tit	
tc02	hi_irv_luk_book	hi	irv	luk	
tc02	tpj_new_col_book	tpj	new	col	
tc03	en_ngit_3jn_book	en	ngit	3jn	
tc03	en_ulb_php_book	en	ulb	php	
tc03	en_ult_heb_book	en	ult	heb	
tc03	hi_irv_luk_book	hi	irv	luk	
tc03	tpj_ulb_col_book	tpj	ulb	col	
tc1.0.2	en_ult_act_book	en	ult	act	
tc1.0.2	en_ult_mrk_book	en	ult	mrk	
tc1.1.2	en_ult_act_book	en	ult	act	
tc1.1.2	en_ult_mrk_book	en	ult	mrk	
tc1.1.3	en_ult_act_book	en	ult	act	
tc1.1.3	en_ult_mrk_book	en	ult	mrk	
tc1.1.4	en_new_rut_book	en	new	rut	
tc1.1.4	en_ulb_act_book	en	ulb	act	
tc1.1.4	en_ulb_tit_book	en	ulb	tit	
tc1.1.4	sw_ulb_luk_book	sw	ulb	luk	
tc_help	en_ult_tit_book	en	ult	tit	
tc_help	hi_ulb_2co_book	hi	ulb	2co	
tC_NAV	ar_nav_1co_book	ar	nav	1co	
tC_NAV	ar_nav_1jn_book	ar	nav	1jn	
tC_NAV	ar_nav_1ki_book	ar	nav	1ki	
tC_NAV	ar_nav_1pe_book	ar	nav	1pe	
tC_NAV	ar_nav_1sa_book	ar	nav	1sa	
tC_NAV	ar_nav_1th_book	ar	nav	1th	
tC_NAV	ar_nav_1ti_book	ar	nav	1ti	
tC_NAV	ar_nav_2ch_book	ar	nav	2ch	
tC_NAV	ar_nav_2co_book	ar	nav	2co	
tC_NAV	ar_nav_2ki_book	ar	nav	2ki	
tC_NAV	ar_nav_2sa_book	ar	nav	2sa	
tC_NAV	ar_nav_2th_book	ar	nav	2th	
tC_NAV	ar_nav_2ti_book	ar	nav	2ti	
tC_NAV	ar_nav_3jn_book	ar	nav	3jn	
tC_NAV	ar_nav_act_book	ar	nav	act	
tC_NAV	ar_nav_col_book	ar	nav	col	
tC_NAV	ar_nav_deu_book	ar	nav	deu	
tC_NAV	ar_nav_ecc_book	ar	nav	ecc	
tC_NAV	ar_nav_eph_book	ar	nav	eph	
tC_NAV	ar_nav_exo_book	ar	nav	exo	
tC_NAV	ar_nav_ezr_book	ar	nav	ezr	
tC_NAV	ar_nav_gal_book	ar	nav	gal	
tC_NAV	ar_nav_gen_book	ar	nav	gen	
tC_NAV	ar_nav_isa_book	ar	nav	isa	
tC_NAV	ar_nav_jas_book	ar	nav	jas	
tC_NAV	ar_nav_jer_book	ar	nav	jer	
tC_NAV	ar_nav_jhn_book	ar	nav	jhn	
tC_NAV	ar_nav_job_book	ar	nav	job	
tC_NAV	ar_nav_jon_book	ar	nav	jon	
tC_NAV	ar_nav_jos_book	ar	nav	jos	
tC_NAV	ar_nav_luk_book	ar	nav	luk	
tC_NAV	ar_nav_mat_book	ar	nav	mat	
tC_NAV	ar_nav_neh_book	ar	nav	neh	
tC_NAV	ar_nav_num_book	ar	nav	num	
tC_NAV	ar_nav_phm_book	ar	nav	phm	
tC_NAV	ar_nav_php_book	ar	nav	php	
tC_NAV	ar_nav_pro_book	ar	nav	pro	
tC_NAV	ar_nav_psa_book	ar	nav	psa	
tC_NAV	ar_nav_rev_book	ar	nav	rev	
tC_NAV	ar_nav_rom_book	ar	nav	rom	
tC_NAV	ar_nav_rut_book	ar	nav	rut	
tC_NAV	ar_nav_sng_book	ar	nav	sng	
tC_NAV	ar_nav_tit_book	ar	nav	tit	
TC_SAVE	ar_nav_tit_book	ar	nav	tit	
TC_SAVE	ar_navx_tit_book	ar	navx	tit	
TC_SAVE	en_edit_phm_book	en	edit	phm	
TC_SAVE	en_new1_phm_book	en	new1	phm	
TC_SAVE	en_new_phm_book	en	new	phm	
TC_SAVE	en_nwsv_phm_book	en	nwsv	phm	
TC_SAVE	en_olde_phm_book	en	olde	phm	
TC_SAVE	en_save_phm_book	en	save	phm	
TC_SAVE	en_test_phm_book	en	test	phm	
TC_SAVE	en_ult_1jn_book	en	ult	1jn	
TC_SAVE	en_ult_3jn_book	en	ult	3jn	
TC_SAVE	en_ult_luk_book	en	ult	luk	
TC_SAVE	en_ult_rut_book	en	ult	rut	
TC_SAVE	en_ultt_3jn_book	en	ultt	3jn	
TC_SAVE	en_ust_rut_book	en	ust	rut	
TC_SAVE	en_ustt_rut_book	en	ustt	rut	
TC_SAVE	en_watw_mat_book	en	watw	mat	
tcnav1	ar_nav_1ch_book	ar	nav	1ch	
tcnav1	ar_nav_1co_book	ar	nav	1co	
tcnav1	ar_nav_1jn_book	ar	nav	1jn	
tcnav1	ar_nav_1ki_book	ar	nav	1ki	
tcnav1	ar_nav_1pe_book	ar	nav	1pe	
tcnav1	ar_nav_1sa_book	ar	nav	1sa	
tcnav1	ar_nav_1th_book	ar	nav	1th	
tcnav1	ar_nav_1ti_book	ar	nav	1ti	
tcnav1	ar_nav_2ch_book	ar	nav	2ch	
tcnav1	ar_nav_2co_book	ar	nav	2co	
tcnav1	ar_nav_2jn_book	ar	nav	2jn	
tcnav1	ar_nav_2ki_book	ar	nav	2ki	
tcnav1	ar_nav_2pe_book	ar	nav	2pe	
tcnav1	ar_nav_2sa_book	ar	nav	2sa	
tcnav1	ar_nav_2th_book	ar	nav	2th	
tcnav1	ar_nav_2ti_book	ar	nav	2ti	
tcnav1	ar_nav_3jn_book	ar	nav	3jn	
tcnav1	ar_nav_act_book	ar	nav	act	
tcnav1	ar_nav_amo_book	ar	nav	amo	
tcnav1	ar_nav_col_book	ar	nav	col	
tcnav1	ar_nav_dan_book	ar	nav	dan	
tcnav1	ar_nav_deu_book	ar	nav	deu	
tcnav1	ar_nav_ecc_book	ar	nav	ecc	
tcnav1	ar_nav_eph_book	ar	nav	eph	
tcnav1	ar_nav_est_book	ar	nav	est	
tcnav1	ar_nav_exo_book	ar	nav	exo	
tcnav1	ar_nav_ezk_book	ar	nav	ezk	
tcnav1	ar_nav_ezr_book	ar	nav	ezr	
tcnav1	ar_nav_gal_book	ar	nav	gal	
tcnav1	ar_nav_gen_book	ar	nav	gen	
tcnav1	ar_nav_hab_book	ar	nav	hab	
tcnav1	ar_nav_hag_book	ar	nav	hag	
tcnav1	ar_nav_heb_book	ar	nav	heb	
tcnav1	ar_nav_hos_book	ar	nav	hos	
tcnav1	ar_nav_isa_book	ar	nav	isa	
tcnav1	ar_nav_jas_book	ar	nav	jas	
tcnav1	ar_nav_jdg_book	ar	nav	jdg	
tcnav1	ar_nav_jer_book	ar	nav	jer	
tcnav1	ar_nav_jhn_book	ar	nav	jhn	
tcnav1	ar_nav_job_book	ar	nav	job	
tcnav1	ar_nav_jol_book	ar	nav	jol	
tcnav1	ar_nav_jon_book	ar	nav	jon	
tcnav1	ar_nav_jos_book	ar	nav	jos	
tcnav1	ar_nav_jud_book	ar	nav	jud	
tcnav1	ar_nav_lam_book	ar	nav	lam	
tcnav1	ar_nav_lev_book	ar	nav	lev	
tcnav1	ar_nav_luk_book	ar	nav	luk	
tcnav1	ar_nav_mal_book	ar	nav	mal	
tcnav1	ar_nav_mat_book	ar	nav	mat	
tcnav1	ar_nav_mic_book	ar	nav	mic	
tcnav1	ar_nav_mrk_book	ar	nav	mrk	
tcnav1	ar_nav_nam_book	ar	nav	nam	
tcnav1	ar_nav_neh_book	ar	nav	neh	
tcnav1	ar_nav_num_book	ar	nav	num	
tcnav1	ar_nav_phm_book	ar	nav	phm	
tcnav1	ar_nav_php_book	ar	nav	php	
tcnav1	ar_nav_pro_book	ar	nav	pro	
tcnav1	ar_nav_psa_book	ar	nav	psa	
tcnav1	ar_nav_rev_book	ar	nav	rev	
tcnav1	ar_nav_rom_book	ar	nav	rom	
tcnav1	ar_nav_rut_book	ar	nav	rut	
tcnav1	ar_nav_sng_book	ar	nav	sng	
tcnav1	ar_nav_tit_book	ar	nav	tit	
tcnav1	ar_nav_zec_book	ar	nav	zec	
tcnav1	ar_nav_zep_book	ar	nav	zep	
tcnt	en_test_rom_book	en	test	rom	
tcnt	en_ult_1pe_book	en	ult	1pe	
tcnt	en_ult_mat_book	en	ult	mat	
tcnt	en_ult_tit_book	en	ult	tit	
tcnt	en_ultt_tit_book	en	ultt	tit	
tcnt	en_ultz_tit_book	en	ultz	tit	
tcnt	en_zzz_tit_book	en	zzz	tit	
tcnt	es-419_ulb_1pe_book	es-419	ulb	1pe	
tcnt	es-419_ulb_1th_book	es-419	ulb	1th	
tcnt	es-419_ulb_act_book	es-419	ulb	act	
tcnt	es-419_ulb_col_book	es-419	ulb	col	
tcnt	es-419_ulb_eph_book	es-419	ulb	eph	
tcnt	es-419_ulb_gal_book	es-419	ulb	gal	
tcnt	es-419_ulb_jhn_book	es-419	ulb	jhn	
tcnt	es-419_ulb_luk_book	es-419	ulb	luk	
tcnt	es-419_ulb_php_book	es-419	ulb	php	
tcnt	hch-x-huicholeste_reg_2ti_book	hch-x-huicholeste	reg	2ti	
tcnt	hch-x-huicholeste_reg_mat_book	hch-x-huicholeste	reg	mat	
tcnt	hch-x-huicholeste_reg_phm_book	hch-x-huicholeste	reg	phm	
tcnt	hch-x-huicholeste_reg_tit_book	hch-x-huicholeste	reg	tit	
tcnt	mab_reg_mrk_book	mab	reg	mrk	
tcnt	tpj_reg_1co_book	tpj	reg	1co	
tcnt	tpj_reg_2co_book	tpj	reg	2co	
tcnt	tpj_reg_2pe_book	tpj	reg	2pe	
tcnt	tpj_reg_heb_book	tpj	reg	heb	
tcnt	tpj_reg_rev_book	tpj	reg	rev	
tcnt	tpj_reg_rom_book	tpj	reg	rom	
tcnt	tpj_ulb_1jn_book	tpj	ulb	1jn	
tcnt	tpj_ulb_1ti_book	tpj	ulb	1ti	
tcnt	tpj_ulb_2jn_book	tpj	ulb	2jn	
tcnt	tpj_ulb_2th_book	tpj	ulb	2th	
tcnt	tpj_ulb_3jn_book	tpj	ulb	3jn	
tcnt	tpj_ulb_jas_book	tpj	ulb	jas	
tcnt	tpj_ulb_jud_book	tpj	ulb	jud	
tCore-test-data	en_abcd_act_book	en	abcd	act	
tCore-test-data	en_ult_1pe_book	en	ult	1pe	
tCore-test-data	en_ult_luk_book	en	ult	luk	
tCore-test-data	en_ult_mat_book	en	ult	mat	
tCore-test-data	en_ust_rut_book	en	ust	rut	
tCore-test-data	en_watw_mat_book	en	watw	mat	
tCore-test-data	fr_miss_tit_book	fr	miss	tit	
tCore-test-data	fr_test_tit_book	fr	test	tit	
tCore-test-data	fr_ulb_tit_book	fr	ulb	tit	
tCore-test-data	kn_kglt_2jn_book	kn	kglt	2jn	
tCore-test-data	ne_ult_act_book	ne	ult	act	
tcsave	en_ult_luk_book	en	ult	luk	
tcsave	en_ultt_luk_book	en	ultt	luk	
tcsingla83	hi_hglt_luk_book	hi	hglt	luk	
test_user	en_test_tit_book	en	test	tit	
tim	fr_ulb_tit_book	fr	ulb	tit	
toddlprice	rmr-x-bsa_ulb_tit_book	rmr-x-bsa	ulb	tit	
toddlprice	rmy-x-vc_reg_mrk_book	rmy-x-vc	reg	mrk	
toddlprice	rmy-x-vc_ulb_jhn_book	rmy-x-vc	ulb	jhn	
translationCore-Create-BCS	kn_tw_by_book	kn	tw	by	
tspan	en_ult_dan_book	en	ult	dan	
tspan	en_ult_hab_book	en	ult	hab	
tspan	en_ult_hag_book	en	ult	hag	
tspan	en_ult_hos_book	en	ult	hos	
tspan	en_ult_jol_book	en	ult	jol	
tspan	en_ult_mal_book	en	ult	mal	
tspan	en_ult_nam_book	en	ult	nam	
tspan	en_ult_oba_book	en	ult	oba	
tspan	en_ult_sng_book	en	ult	sng	
tspan	en_ult_zep_book	en	ult	zep	
tx-manager-test-data	fr_stuff_tit_book	fr	stuff	tit	
unfoldingWord	en_ult_jdg_book	en	ult	jdg	
uW_test_001	hi_iev_tit_book	hi	iev	tit	
uW_test_001	hi_irv_tit_book	hi	irv	tit	
uW_test_001	kan-x-palligaru_reg_tit_book	kan-x-palligaru	reg	tit	
uW_test_001	kn_glt_1jn_book	kn	glt	1jn	
uW_test_001	vi_vgst_tit_book	vi	vgst	tit	
varun	kan-x-palligaru_reg_tit_book	kan-x-palligaru	reg	tit	
VGM	vi_reg_1pe_book	vi	reg	1pe	
VGM	vi_reg_1th_book	vi	reg	1th	
VGM	vi_reg_act_book	vi	reg	act	
VGM	vi_reg_eph_book	vi	reg	eph	
VGM	vi_reg_jud_book	vi	reg	jud	
VGM	vi_reg_lam_book	vi	reg	lam	
VGM	vi_reg_php_book	vi	reg	php	
VGM	vi_ulb_act_book	vi	ulb	act	
VGM	vi_ulb_gen_book	vi	ulb	gen	
VGM	vi_ult_1co_book	vi	ult	1co	
VGM	vi_ult_1jn_book	vi	ult	1jn	
VGM	vi_ult_1pe_book	vi	ult	1pe	
VGM	vi_ult_1th_book	vi	ult	1th	
VGM	vi_ult_1ti_book	vi	ult	1ti	
VGM	vi_ult_2co_book	vi	ult	2co	
VGM	vi_ult_2jn_book	vi	ult	2jn	
VGM	vi_ult_2pe_book	vi	ult	2pe	
VGM	vi_ult_2th_book	vi	ult	2th	
VGM	vi_ult_2ti_book	vi	ult	2ti	
VGM	vi_ult_3jn_book	vi	ult	3jn	
VGM	vi_ult_act_book	vi	ult	act	
VGM	vi_ult_col_book	vi	ult	col	
VGM	vi_ult_eph_book	vi	ult	eph	
VGM	vi_ult_gal_book	vi	ult	gal	
VGM	vi_ult_heb_book	vi	ult	heb	
VGM	vi_ult_jas_book	vi	ult	jas	
VGM	vi_ult_jhn_book	vi	ult	jhn	
VGM	vi_ult_jud_book	vi	ult	jud	
VGM	vi_ult_luk_book	vi	ult	luk	
VGM	vi_ult_mat_book	vi	ult	mat	
VGM	vi_ult_mrk_book	vi	ult	mrk	
VGM	vi_ult_phm_book	vi	ult	phm	
VGM	vi_ult_php_book	vi	ult	php	
VGM	vi_ult_rev_book	vi	ult	rev	
VGM	vi_ult_rom_book	vi	ult	rom	
VGM	vi_ult_tit_book	vi	ult	tit	
VGM	vi_ust_1co_book	vi	ust	1co	
VGM	vi_ust_1jn_book	vi	ust	1jn	
VGM	vi_ust_1pe_book	vi	ust	1pe	
VGM	vi_ust_1th_book	vi	ust	1th	
VGM	vi_ust_1ti_book	vi	ust	1ti	
VGM	vi_ust_2co_book	vi	ust	2co	
VGM	vi_ust_2jn_book	vi	ust	2jn	
VGM	vi_ust_2pe_book	vi	ust	2pe	
VGM	vi_ust_2th_book	vi	ust	2th	
VGM	vi_ust_2ti_book	vi	ust	2ti	
VGM	vi_ust_3jn_book	vi	ust	3jn	
VGM	vi_ust_act_book	vi	ust	act	
VGM	vi_ust_col_book	vi	ust	col	
VGM	vi_ust_eph_book	vi	ust	eph	
VGM	vi_ust_gal_book	vi	ust	gal	
VGM	vi_ust_heb_book	vi	ust	heb	
VGM	vi_ust_jas_book	vi	ust	jas	
VGM	vi_ust_jhn_book	vi	ust	jhn	
VGM	vi_ust_jud_book	vi	ust	jud	
VGM	vi_ust_luk_book	vi	ust	luk	
VGM	vi_ust_mat_book	vi	ust	mat	
VGM	vi_ust_mrk_book	vi	ust	mrk	
VGM	vi_ust_phm_book	vi	ust	phm	
VGM	vi_ust_php_book	vi	ust	php	
VGM	vi_ust_rom_book	vi	ust	rom	
VGM	vi_vlt_tit_book	vi	vlt	tit	
VGM	vi_vst_tit_book	vi	vst	tit	
vi_gl	vi_ult_1co_book	vi	ult	1co	
vi_gl	vi_ult_1jn_book	vi	ult	1jn	
vi_gl	vi_ult_1pe_book	vi	ult	1pe	
vi_gl	vi_ult_1th_book	vi	ult	1th	
vi_gl	vi_ult_1ti_book	vi	ult	1ti	
vi_gl	vi_ult_2co_book	vi	ult	2co	
vi_gl	vi_ult_2jn_book	vi	ult	2jn	
vi_gl	vi_ult_2pe_book	vi	ult	2pe	
vi_gl	vi_ult_2th_book	vi	ult	2th	
vi_gl	vi_ult_2ti_book	vi	ult	2ti	
vi_gl	vi_ult_3jn_book	vi	ult	3jn	
vi_gl	vi_ult_act_book	vi	ult	act	
vi_gl	vi_ult_col_book	vi	ult	col	
vi_gl	vi_ult_eph_book	vi	ult	eph	
vi_gl	vi_ult_gal_book	vi	ult	gal	
vi_gl	vi_ult_heb_book	vi	ult	heb	
vi_gl	vi_ult_jas_book	vi	ult	jas	
vi_gl	vi_ult_jhn_book	vi	ult	jhn	
vi_gl	vi_ult_jud_book	vi	ult	jud	
vi_gl	vi_ult_luk_book	vi	ult	luk	
vi_gl	vi_ult_mat_book	vi	ult	mat	
vi_gl	vi_ult_mrk_book	vi	ult	mrk	
vi_gl	vi_ult_phm_book	vi	ult	phm	
vi_gl	vi_ult_php_book	vi	ult	php	
vi_gl	vi_ult_rev_book	vi	ult	rev	
vi_gl	vi_ult_rom_book	vi	ult	rom	
vi_gl	vi_ult_tit_book	vi	ult	tit	
vi_gl	vi_ust_rev_book	vi	ust	rev	
vi_gl	vi_ust_tit_book	vi	ust	tit	
vinhvd749	en_elt_1co_book	en	elt	1co	
vinhvd749	en_elt_1jn_book	en	elt	1jn	
vinhvd749	en_elt_1pe_book	en	elt	1pe	
vinhvd749	en_elt_1th_book	en	elt	1th	
vinhvd749	en_elt_1ti_book	en	elt	1ti	
vinhvd749	en_elt_2co_book	en	elt	2co	
vinhvd749	en_elt_2jn_book	en	elt	2jn	
vinhvd749	en_elt_2pe_book	en	elt	2pe	
vinhvd749	en_elt_2th_book	en	elt	2th	
vinhvd749	en_elt_2ti_book	en	elt	2ti	
vinhvd749	en_elt_3jn_book	en	elt	3jn	
vinhvd749	en_elt_act_book	en	elt	act	
vinhvd749	en_elt_col_book	en	elt	col	
vinhvd749	en_elt_eph_book	en	elt	eph	
vinhvd749	en_elt_gal_book	en	elt	gal	
vinhvd749	en_elt_heb_book	en	elt	heb	
vinhvd749	en_elt_jas_book	en	elt	jas	
vinhvd749	en_elt_jhn_book	en	elt	jhn	
vinhvd749	en_elt_jud_book	en	elt	jud	
vinhvd749	en_elt_luk_book	en	elt	luk	
vinhvd749	en_elt_mat_book	en	elt	mat	
vinhvd749	en_elt_mrk_book	en	elt	mrk	
vinhvd749	en_elt_phm_book	en	elt	phm	
vinhvd749	en_elt_php_book	en	elt	php	
vinhvd749	en_elt_rev_book	en	elt	rev	
vinhvd749	en_elt_rom_book	en	elt	rom	
vinhvd749	en_elt_tit_book	en	elt	tit	
vinhvd749	en_eolt_1ch_book	en	eolt	1ch	
vinhvd749	en_eolt_1ki_book	en	eolt	1ki	
vinhvd749	en_eolt_1sa_book	en	eolt	1sa	
vinhvd749	en_eolt_2ch_book	en	eolt	2ch	
vinhvd749	en_eolt_2ki_book	en	eolt	2ki	
vinhvd749	en_eolt_2sa_book	en	eolt	2sa	
vinhvd749	en_eolt_amo_book	en	eolt	amo	
vinhvd749	en_eolt_dan_book	en	eolt	dan	
vinhvd749	en_eolt_deu_book	en	eolt	deu	
vinhvd749	en_eolt_ecc_book	en	eolt	ecc	
vinhvd749	en_eolt_est_book	en	eolt	est	
vinhvd749	en_eolt_exo_book	en	eolt	exo	
vinhvd749	en_eolt_ezk_book	en	eolt	ezk	
vinhvd749	en_eolt_ezr_book	en	eolt	ezr	
vinhvd749	en_eolt_gen_book	en	eolt	gen	
vinhvd749	en_eolt_hab_book	en	eolt	hab	
vinhvd749	en_eolt_hag_book	en	eolt	hag	
vinhvd749	en_eolt_hos_book	en	eolt	hos	
vinhvd749	en_eolt_isa_book	en	eolt	isa	
vinhvd749	en_eolt_jdg_book	en	eolt	jdg	
vinhvd749	en_eolt_jer_book	en	eolt	jer	
vinhvd749	en_eolt_job_book	en	eolt	job	
vinhvd749	en_eolt_jol_book	en	eolt	jol	
vinhvd749	en_eolt_jon_book	en	eolt	jon	
vinhvd749	en_eolt_jos_book	en	eolt	jos	
vinhvd749	en_eolt_lam_book	en	eolt	lam	
vinhvd749	en_eolt_lev_book	en	eolt	lev	
vinhvd749	en_eolt_mal_book	en	eolt	mal	
vinhvd749	en_eolt_mic_book	en	eolt	mic	
vinhvd749	en_eolt_nam_book	en	eolt	nam	
vinhvd749	en_eolt_neh_book	en	eolt	neh	
vinhvd749	en_eolt_num_book	en	eolt	num	
vinhvd749	en_eolt_oba_book	en	eolt	oba	
vinhvd749	en_eolt_pro_book	en	eolt	pro	
vinhvd749	en_eolt_psa_book	en	eolt	psa	
vinhvd749	en_eolt_rut_book	en	eolt	rut	
vinhvd749	en_eolt_sng_book	en	eolt	sng	
vinhvd749	en_eolt_zec_book	en	eolt	zec	
vinhvd749	en_eolt_zep_book	en	eolt	zep	
vinhvd749	vi_vlt_tit_book	vi	vlt	tit	
vinhvd749	vi_vst_tit_book	vi	vst	tit	
Vipin_Bhadran	bn_irv_1th_book	bn	irv	1th	
Vipin_Bhadran	bn_irv_2co_book	bn	irv	2co	
Vipin_Bhadran	bn_irv_2jn_book	bn	irv	2jn	
Vipin_Bhadran	bn_irv_2th_book	bn	irv	2th	
Vipin_Bhadran	bn_irv_3jn_book	bn	irv	3jn	
Vipin_Bhadran	bn_irv_act_book	bn	irv	act	
Vipin_Bhadran	bn_irv_gal_book	bn	irv	gal	
Vipin_Bhadran	en_ust_jhn_book	en	ust	jhn	
Vipin_Bhadran	gu_irv_3jn_book	gu	irv	3jn	
Vipin_Bhadran	hi_irv_1sa_book	hi	irv	1sa	
Vipin_Bhadran	hi_irv_luk_book	hi	irv	luk	
Vipin_Bhadran	hi_irv_rom_book	hi	irv	rom	
Vipin_Bhadran	kn_iev_tit_book	kn	iev	tit	
Vipin_Bhadran	kn_irv_tit_book	kn	irv	tit	
Vipin_Bhadran	ml_irv_2co_book	ml	irv	2co	
Vipin_Bhadran	ml_irv_2jn_book	ml	irv	2jn	
Vipin_Bhadran	ml_irv_3jn_book	ml	irv	3jn	
Vipin_Bhadran	pa_irv_1co_book	pa	irv	1co	
Vipin_Bhadran	pa_irv_phm_book	pa	irv	phm	
Vvkumar	kn-x-handijog_reg_tit_book	kn-x-handijog	reg	tit	
WilsonJacob	gu_gglt_jas_book	gu	gglt	jas	
Yuri	ru_rob_2jn_book	ru	rob	2jn	
Yuri	ru_rob_act_book	ru	rob	act	
Yuri	ru_rsol_tit_book	ru	rsol	tit	
Yuri	ru_ulb_tit_book	ru	ulb	tit	
Yuri	ru_yuri_3jn_book	ru	yuri	3jn	
